K,metric,mean,std,n,se,ci95_lo,ci95_hi
1,runtime_s,0.3285626244544983,0.008945759801787712,100,0.0008945759801787711,0.32678759163014554,0.33033765727885106
2,runtime_s,0.35320693969726563,0.00739140700192974,100,0.000739140700192974,0.3517403241903353,0.35467355520419597
3,runtime_s,0.3520548939704895,0.007891153537183648,100,0.0007891153537183648,0.35048911790888443,0.3536206700320946
4,runtime_s,0.3579477643966675,0.009378156564655325,100,0.0009378156564655325,0.35608693467364544,0.3598085941196895
5,runtime_s,0.3676662182807922,0.008739499136496482,100,0.0008739499136496482,0.3659321120472911,0.36940032451429333
6,runtime_s,0.3842836332321167,0.009346695363663353,100,0.0009346695363663353,0.3824290460939272,0.38613822037030615
7,runtime_s,0.3976163101196289,0.010964017716048234,100,0.0010964017716048233,0.3954408111386612,0.3997918091005966
8,runtime_s,0.42203312397003173,0.016140072247168055,100,0.0016140072247168055,0.4188305834747657,0.42523566446529776
9,runtime_s,0.4447749614715576,0.020913032057560153,100,0.002091303205756015,0.4406253621997895,0.4489245607433257
10,runtime_s,0.4637887930870056,0.023304003371649062,100,0.002330400337164906,0.4591647732340203,0.46841281293999093
11,runtime_s,0.47222520112991334,0.0224694047428143,100,0.0022469404742814303,0.4677667837516385,0.4766836185081882
12,runtime_s,0.5154693531990051,0.03336990217851068,100,0.0033369902178510677,0.5088480406414669,0.5220906657565433
13,runtime_s,0.534678156375885,0.03602324389589494,100,0.003602324389589494,0.5275303632569484,0.5418259494948217
14,runtime_s,0.5460543584823608,0.042405788501546846,100,0.0042405788501546846,0.5376401300433451,0.5544685869213766
15,runtime_s,0.5746757936477661,0.05298122312189005,100,0.005298122312189004,0.5641631695443424,0.5851884177511898
16,runtime_s,0.6076265621185303,0.060128530809490294,100,0.006012853080949029,0.5956957571079126,0.619557367129148
17,runtime_s,0.6252654218673706,0.06384351724176146,100,0.006384351724176146,0.6125974829513703,0.6379333607833708
18,runtime_s,0.6437735629081726,0.07376422563700429,100,0.007376422563700429,0.6291371402152136,0.6584099856011315
19,runtime_s,0.6666699647903442,0.07136652623600181,100,0.007136652623600181,0.652509297677013,0.6808306319036754
20,runtime_s,0.6881250643730163,0.07127126915132867,100,0.007127126915132867,0.673983298331902,0.7022668304141307
21,runtime_s,0.7096001148223877,0.07199074280320061,100,0.007199074280320061,0.6953155895996469,0.7238846400451285
22,runtime_s,0.7295405125617981,0.07448047468003796,100,0.0074480474680037965,0.7147619705195647,0.7443190546040315
23,runtime_s,0.7390515565872192,0.07878998969956247,100,0.007878998969956247,0.7234179132695001,0.7546851999049383
24,runtime_s,0.7709363603591919,0.07437838995899694,100,0.007437838995899694,0.7561780741403572,0.7856946465780266
25,runtime_s,0.7834358477592468,0.0766077069992504,100,0.007660770699925041,0.768235216674239,0.7986364788442546
26,runtime_s,0.8077114915847778,0.06940598008186605,100,0.006940598008186605,0.793939839362787,0.8214831438067687
27,runtime_s,0.8223853039741517,0.07645837753167771,100,0.007645837753167771,0.8072143030952368,0.8375563048530665
28,runtime_s,0.8377835750579834,0.08181372637419758,100,0.008181372637419759,0.8215499567835698,0.854017193332397
29,runtime_s,0.8658407616615296,0.07823358582744394,100,0.007823358582744393,0.850317520943309,0.8813640023797501
30,runtime_s,0.8810187101364135,0.07442484708490715,100,0.007442484708490715,0.8662512058159035,0.8957862144569235
31,runtime_s,0.9267507576942444,0.08384853091679535,100,0.008384853091679535,0.9101133900531722,0.9433881253353167
32,runtime_s,0.9283812880516052,0.08534054907527094,100,0.008534054907527094,0.9114478716383208,0.9453147044648897
33,runtime_s,0.94070955991745,0.0822268486709315,100,0.00822268486709315,0.9243939692166107,0.9570251506182893
34,runtime_s,0.9637897181510925,0.10094294756261989,100,0.010094294756261989,0.9437604473814075,0.9838189889207775
35,runtime_s,1.0805858039855958,0.12151473365680159,100,0.01215147336568016,1.0564746445466624,1.1046969634245292
36,runtime_s,1.1105026865005494,0.12696318595862105,100,0.012696318595862104,1.085310435919898,1.1356949370812008
37,runtime_s,1.1481190776824952,0.13575280100073855,100,0.013575280100073856,1.121182776785395,1.1750553785795954
38,runtime_s,1.1757940196990966,0.13626317143908076,100,0.013626317143908075,1.1487564502344616,1.2028315891637316
39,runtime_s,1.2100012588500977,0.15122251823396296,100,0.015122251823396295,1.1799954304359561,1.2400070872642392
40,runtime_s,1.230492238998413,0.1576323338220469,100,0.01576323338220469,1.1992145641096295,1.2617699138871965
41,runtime_s,1.254163703918457,0.16066069579293088,100,0.016066069579293088,1.2222851363138567,1.2860422715230573
42,runtime_s,1.2770168375968933,0.16820340812539034,100,0.016820340812539032,1.2436416322251924,1.3103920429685942
43,runtime_s,1.2956032395362853,0.168504193464794,100,0.0168504193464794,1.2621683518276612,1.3290381272449094
44,runtime_s,1.325767080783844,0.18218310573515006,100,0.018218310573515008,1.2896180001146094,1.3619161614530786
45,runtime_s,1.33416344165802,0.17745287269544574,100,0.017745287269544573,1.298952941847019,1.369373941469021
46,runtime_s,1.3570651531219482,0.17149750060264246,100,0.017149750060264247,1.3230363283369018,1.3910939779069946
47,runtime_s,1.389827721118927,0.1823427066347406,100,0.018234270663474057,1.3536469721686468,1.426008470069207
48,runtime_s,1.4108570337295532,0.18287237947861285,100,0.018287237947861284,1.3745711861957124,1.447142881263394
49,runtime_s,1.4285756468772888,0.18595911422679393,100,0.01859591142267939,1.391677324202209,1.4654739695523686
50,runtime_s,1.4424082612991334,0.18831383190083026,100,0.018831383190083026,1.4050427115515511,1.4797738110467156
51,runtime_s,1.4627393698692321,0.19463630100406373,100,0.019463630100406373,1.4241193050845982,1.5013594346538661
52,runtime_s,1.491347906589508,0.19722995362523288,100,0.01972299536252329,1.452213204855129,1.5304826083238872
53,runtime_s,1.5061916351318358,0.2004625069133563,100,0.02004625069133563,1.4664155246943367,1.545967745569335
54,runtime_s,1.5214876461029052,0.19853784126401483,100,0.019853784126401482,1.482093431086162,1.5608818611196484
55,runtime_s,1.5388623809814452,0.19863288231544995,100,0.019863288231544995,1.4994493077581668,1.5782754542047237
1,test_PR_AUC,0.7847569283215026,0.04096059664815437,100,0.004096059664815437,0.7766294572998664,0.7928843993431387
2,test_PR_AUC,0.8688136369926706,0.03072763588986226,100,0.003072763588986226,0.8627166073911866,0.8749106665941545
3,test_PR_AUC,0.880970985943877,0.02949724201157209,100,0.002949724201157209,0.8751180931814362,0.8868238787063178
4,test_PR_AUC,0.8796065094037219,0.02977150156794494,100,0.002977150156794494,0.8736991975951921,0.8855138212122516
5,test_PR_AUC,0.8788250348318801,0.029838228105916034,100,0.0029838228105916035,0.872904483030574,0.8847455866331863
6,test_PR_AUC,0.8814866050052733,0.028657879783560904,100,0.0028657879783560904,0.8758002599189666,0.88717295009158
7,test_PR_AUC,0.8824634236093059,0.028429481989453803,100,0.0028429481989453802,0.8768223976004763,0.8881044496181354
8,test_PR_AUC,0.8823765990355892,0.02863352732633506,100,0.002863352732633506,0.8766950860051265,0.8880581120660519
9,test_PR_AUC,0.8822589172053429,0.028586415238797985,100,0.0028586415238797984,0.8765867522351518,0.887931082175534
10,test_PR_AUC,0.8809561101406921,0.029291309587987906,100,0.0029291309587987906,0.8751440788388269,0.8867681414425572
11,test_PR_AUC,0.8803253397138786,0.029558755978399305,100,0.0029558755978399305,0.874460241245864,0.8861904381818932
12,test_PR_AUC,0.8800609841971142,0.02998028257220642,100,0.002998028257220642,0.8741122457078019,0.8860097226864265
13,test_PR_AUC,0.8794509509376185,0.029625074871353765,100,0.0029625074871353764,0.8735726933624428,0.8853292085127942
14,test_PR_AUC,0.8778343156189385,0.030066607405216533,100,0.003006660740521653,0.8718684484099261,0.883800182827951
15,test_PR_AUC,0.8774086202372401,0.029052007007514924,100,0.0029052007007514926,0.8716440717590482,0.8831731687154319
16,test_PR_AUC,0.8749472382248026,0.02945169334582715,100,0.002945169334582715,0.869103383305831,0.8807910931437741
17,test_PR_AUC,0.87423970730784,0.029822073882326168,100,0.002982207388232617,0.8683223608549625,0.8801570537607174
18,test_PR_AUC,0.8734356205638335,0.029818530931339102,100,0.0029818530931339103,0.8675189771092968,0.8793522640183702
19,test_PR_AUC,0.8763180429530177,0.029560450910124422,100,0.0029560450910124424,0.870452608173777,0.8821834777322585
20,test_PR_AUC,0.8752780327767045,0.03001404033029018,100,0.003001404033029018,0.8693225960158084,0.8812334695376005
21,test_PR_AUC,0.8741493225659478,0.029483008106901527,100,0.0029483008106901526,0.8682992541190004,0.8799993910128951
22,test_PR_AUC,0.8736960104271836,0.029575360153625756,100,0.0029575360153625756,0.8678276173305738,0.8795644035237934
23,test_PR_AUC,0.8727413847916894,0.02967108517404288,100,0.0029671085174042882,0.8668539977742593,0.8786287718091195
24,test_PR_AUC,0.872136057600978,0.029871097789357426,100,0.0029871097789357427,0.8662089837413641,0.8780631314605919
25,test_PR_AUC,0.8711023738531739,0.030541472860054982,100,0.003054147286005498,0.8650422830356401,0.8771624646707077
26,test_PR_AUC,0.8698312959232101,0.030860086701909387,100,0.0030860086701909387,0.8637079852070746,0.8759546066393455
27,test_PR_AUC,0.8691102703725762,0.03040094202538041,100,0.003040094202538041,0.8630780639214806,0.8751424768236717
28,test_PR_AUC,0.8694181537256641,0.029904471109262316,100,0.0029904471109262316,0.8634844578753417,0.8753518495759866
29,test_PR_AUC,0.8688256401077602,0.030379264604301945,100,0.0030379264604301947,0.8627977349273017,0.8748535452882187
30,test_PR_AUC,0.8686813627974554,0.030220556266382582,100,0.0030220556266382583,0.8626849487944427,0.8746777768004682
31,test_PR_AUC,0.8688665237467244,0.030270906180265837,100,0.0030270906180265835,0.8628601192284479,0.8748729282650008
32,test_PR_AUC,0.8686133428758092,0.030162668931347607,100,0.0030162668931347607,0.8626284149759422,0.8745982707756761
33,test_PR_AUC,0.8686150247325513,0.030253080264414624,100,0.0030253080264414623,0.8626121572627157,0.8746178922023868
34,test_PR_AUC,0.8675127984373906,0.030240086053543145,100,0.0030240086053543143,0.8615125093009034,0.8735130875738778
35,test_PR_AUC,0.8667491219099073,0.030226573838982113,100,0.003022657383898211,0.8607515138899385,0.872746729929876
36,test_PR_AUC,0.86567690441791,0.030540390910477142,100,0.0030540390910477142,0.8596170282826455,0.8717367805531745
37,test_PR_AUC,0.8641048021872818,0.030029638673961592,100,0.0030029638673961592,0.8581462703765929,0.8700633339979708
38,test_PR_AUC,0.8630919343349451,0.03020141297101442,100,0.003020141297101442,0.8570993187770503,0.86908454989284
39,test_PR_AUC,0.8622868495489213,0.03041801198001749,100,0.003041801198001749,0.8562512560484904,0.8683224430493522
40,test_PR_AUC,0.8627959743409049,0.030717437232300054,100,0.0030717437232300054,0.8567009683743427,0.8688909803074671
41,test_PR_AUC,0.8614323646815656,0.031128526854431092,100,0.003112852685443109,0.8552557896153181,0.8676089397478131
42,test_PR_AUC,0.8600854008532663,0.03132304542498278,100,0.003132304542498278,0.8538702290825101,0.8663005726240226
43,test_PR_AUC,0.8591526226895,0.03119310467032353,100,0.003119310467032353,0.8529632339835534,0.8653420113954465
44,test_PR_AUC,0.8595758664010229,0.03135867545381813,100,0.003135867545381813,0.8533536248595466,0.8657981079424992
45,test_PR_AUC,0.8582120858363491,0.03154143026324068,100,0.0031541430263240682,0.8519535817757888,0.8644705898969094
46,test_PR_AUC,0.8567547723582462,0.031859796010339295,100,0.0031859796010339295,0.8504330976264661,0.8630764470900262
47,test_PR_AUC,0.8567098744544677,0.03205106363184022,100,0.0032051063631840216,0.8503502480770004,0.8630695008319349
48,test_PR_AUC,0.8563792087391949,0.03204551628836065,100,0.003204551628836065,0.8500206830750245,0.8627377344033653
49,test_PR_AUC,0.8552515217491724,0.03185263652826397,100,0.003185263652826397,0.8489312676139622,0.8615717758843826
50,test_PR_AUC,0.853970903157791,0.032312084520826054,100,0.0032312084520826055,0.8475594845730594,0.8603823217425226
51,test_PR_AUC,0.8527122096757571,0.03280975263594431,100,0.0032809752635944308,0.8462020429399973,0.8592223764115169
52,test_PR_AUC,0.8532437715407596,0.032119059938088064,100,0.0032119059938088062,0.8468706532209421,0.859616889860577
53,test_PR_AUC,0.8530661378562584,0.03248516419229669,100,0.003248516419229669,0.8466203765097161,0.8595118992028007
54,test_PR_AUC,0.8538199658135889,0.030861016830681185,100,0.0030861016830681185,0.8476964705397257,0.859943461087452
55,test_PR_AUC,0.8534255080030856,0.030455944405480502,100,0.0030455944405480503,0.8473823878864928,0.8594686281196784
1,test_ROC_AUC,0.8983656412417474,0.023965581036067378,100,0.002396558103606738,0.8936103500271092,0.9031209324563857
2,test_ROC_AUC,0.9125021070375052,0.023093661823727057,100,0.0023093661823727057,0.9079198235110209,0.9170843905639896
3,test_ROC_AUC,0.9266125860373648,0.01986105717428884,100,0.0019861057174288843,0.9226717214051997,0.93055345066953
4,test_ROC_AUC,0.9247043124034274,0.020785783906984424,100,0.0020785783906984425,0.9205799619254024,0.9288286628814525
5,test_ROC_AUC,0.9259896052816408,0.02062645617992534,100,0.002062645617992534,0.9218968688813045,0.930082341681977
6,test_ROC_AUC,0.922689633375474,0.021064906625074993,100,0.0021064906625074993,0.9185098988945681,0.92686936785638
7,test_ROC_AUC,0.9259660766961652,0.020493363558739267,100,0.002049336355873927,0.9218997487593378,0.9300324046329925
8,test_ROC_AUC,0.9275365219834246,0.019911214737702555,100,0.0019911214737702554,0.9235857050025019,0.9314873389643473
9,test_ROC_AUC,0.9288204101699676,0.02013479809785924,100,0.002013479809785924,0.9248252293997135,0.9328155909402218
10,test_ROC_AUC,0.9273384604579294,0.020546746916032192,100,0.0020546746916032194,0.9232615401048547,0.9314153808110042
11,test_ROC_AUC,0.9255559067284732,0.020206555783179925,100,0.0020206555783179926,0.921546487676657,0.9295653257802894
12,test_ROC_AUC,0.9240497260851244,0.02073826355345467,100,0.002073826355345467,0.9199348046762013,0.9281646474940475
13,test_ROC_AUC,0.9243826380109565,0.02078374308852245,100,0.002078374308852245,0.9202586924755902,0.9285065835463229
14,test_ROC_AUC,0.9229382638010957,0.021381445140975817,100,0.0021381445140975816,0.9186957212112817,0.9271808063909096
15,test_ROC_AUC,0.9255689001264222,0.02030482675491057,100,0.002030482675491057,0.9215399819818103,0.9295978182710342
16,test_ROC_AUC,0.9255016505127125,0.020461558145394798,100,0.0020461558145394797,0.9214416334599161,0.9295616675655088
17,test_ROC_AUC,0.9252767242590251,0.02051183842208668,100,0.002051183842208668,0.9212067305084944,0.9293467180095557
18,test_ROC_AUC,0.9242344430397528,0.020545765107197658,100,0.0020545765107197658,0.9201577174988513,0.9283111685806542
19,test_ROC_AUC,0.9267446270543616,0.020883384646109962,100,0.0020883384646109963,0.9226009104722305,0.9308883436364926
20,test_ROC_AUC,0.9258933839022334,0.020990838347391613,100,0.0020990838347391613,0.9217283461745429,0.9300584216299239
21,test_ROC_AUC,0.9251009622137941,0.020433893994989655,100,0.0020433893994989656,0.9210464343286163,0.9291554900989719
22,test_ROC_AUC,0.9246765697429414,0.021103407947989726,100,0.0021103407947989728,0.920489195764277,0.9288639437216059
23,test_ROC_AUC,0.9239380530973452,0.021022789899801247,100,0.0021022789899801247,0.9197666754884627,0.9281094307062278
24,test_ROC_AUC,0.9257630987498244,0.020745328208257707,100,0.0020745328208257707,0.9216467755601195,0.9298794219395293
25,test_ROC_AUC,0.9249624244978227,0.021117722427922207,100,0.002111772242792221,0.9207722102157847,0.9291526387798608
26,test_ROC_AUC,0.9237907360584352,0.021521302707059212,100,0.002152130270705921,0.9195204426932783,0.9280610294235921
27,test_ROC_AUC,0.9230158730158731,0.021512271784456048,100,0.002151227178445605,0.9187473715816878,0.9272843744500583
28,test_ROC_AUC,0.9221446130074449,0.021021992727989124,100,0.0021021992727989123,0.9179733935747446,0.9263158324401451
29,test_ROC_AUC,0.9220325888467481,0.02134655739042175,100,0.0021346557390421747,0.9177969687435394,0.9262682089499568
30,test_ROC_AUC,0.9216821182750387,0.021363618500658894,100,0.0021363618500658895,0.9174431128774154,0.9259211236726619
31,test_ROC_AUC,0.9209579997190616,0.021739913165463788,100,0.0021739913165463786,0.9166443292961686,0.9252716701419545
32,test_ROC_AUC,0.9204628459053238,0.021953166190570486,100,0.002195316619057049,0.9161068614556914,0.9248188303549562
33,test_ROC_AUC,0.9204294844781571,0.022116580505830208,100,0.002211658050583021,0.9160410750830776,0.9248178938732365
34,test_ROC_AUC,0.9197160766961652,0.021981771253833174,100,0.0021981771253833174,0.9153544163813901,0.9240777370109402
35,test_ROC_AUC,0.9191596432083158,0.02192523727629489,100,0.002192523727629489,0.914809200461198,0.9235100859554336
36,test_ROC_AUC,0.9183501896333754,0.02236387613865029,100,0.002236387613865029,0.9139127114196266,0.9227876678471243
37,test_ROC_AUC,0.9184594044107318,0.021852581192897,100,0.0021852581192897,0.9141233782068453,0.9227954306146183
38,test_ROC_AUC,0.9179238657114763,0.021791818195739682,100,0.0021791818195739682,0.9135998962044888,0.9222478352184639
39,test_ROC_AUC,0.9173879758393033,0.02223159574244812,100,0.002223159574244812,0.9129767449260051,0.9217992067526015
40,test_ROC_AUC,0.9177468745610338,0.022275765434499356,100,0.0022275765434499354,0.9133268794225641,0.9221668696995035
41,test_ROC_AUC,0.9171460176991151,0.02228120825316607,100,0.0022281208253166073,0.9127249425873392,0.921567092810891
42,test_ROC_AUC,0.9168218850962213,0.022250159666948103,100,0.0022250159666948105,0.912406970697555,0.9212367994948876
43,test_ROC_AUC,0.9157293861497401,0.022475512720782152,100,0.0022475512720782154,0.9112697568161229,0.9201890154833573
44,test_ROC_AUC,0.9170684084843377,0.022454612966504243,100,0.0022454612966504245,0.9126129261153927,0.9215238908532827
45,test_ROC_AUC,0.9160050568900127,0.022496417090276413,100,0.0022496417090276414,0.9115412796759642,0.9204688341040611
46,test_ROC_AUC,0.9146238938053098,0.022747153426926275,100,0.0022747153426926274,0.9101103650623055,0.9191374225483142
47,test_ROC_AUC,0.9142319848293299,0.02272816332713554,100,0.002272816332713554,0.9097222241341172,0.9187417455245426
48,test_ROC_AUC,0.9143706981317601,0.02307183083153685,100,0.0023071830831536853,0.9097927463477531,0.9189486499157671
49,test_ROC_AUC,0.9139327855035819,0.02314666554098149,100,0.002314666554098149,0.9093399848896703,0.9185255861174936
50,test_ROC_AUC,0.9134344711335862,0.023104979963661027,100,0.002310497996366103,0.9088499418425902,0.9180190004245823
51,test_ROC_AUC,0.9131022615535891,0.02302966114986678,100,0.0023029661149866778,0.9085326771493034,0.9176718459578748
52,test_ROC_AUC,0.9126327433628318,0.023396926011536864,100,0.0023396926011536863,0.9079902856421214,0.9172752010835423
53,test_ROC_AUC,0.9126926183452733,0.023313233447147,100,0.0023313233447147,0.9080667670450612,0.9173184696454854
54,test_ROC_AUC,0.9133888186543053,0.023172058471255277,100,0.002317205847125528,0.9087909795321237,0.9179866577764869
55,test_ROC_AUC,0.9142156552886641,0.02273198336778437,100,0.002273198336778437,0.9097051366145102,0.918726173962818
1,test_LogLoss,0.3819798079046031,0.029201427544529267,100,0.002920142754452927,0.37618561115016536,0.3877740046590409
2,test_LogLoss,0.28017070100202607,0.020541473168957724,100,0.0020541473168957723,0.2760948270747857,0.2842465749292664
3,test_LogLoss,0.2654433401998848,0.020687746149243572,100,0.0020687746149243573,0.2613384425399402,0.2695482378598294
4,test_LogLoss,0.26656704355515193,0.02103957680657719,100,0.002103957680657719,0.26239233505977044,0.2707417520505334
5,test_LogLoss,0.26472313948051307,0.021882697909741303,100,0.0021882697909741304,0.26038113746661773,0.2690651414944084
6,test_LogLoss,0.26240700913376297,0.0211613227744757,100,0.00211613227744757,0.25820814359705235,0.2666058746704736
7,test_LogLoss,0.261718912011162,0.02304019692188337,100,0.002304019692188337,0.25714723708113296,0.266290586941191
8,test_LogLoss,0.26079475570564636,0.023215550173386054,100,0.0023215550173386053,0.2561882868862026,0.26540122452509013
9,test_LogLoss,0.2608337591939034,0.02346093653068311,100,0.002346093653068311,0.2561786003974759,0.26548891799033086
10,test_LogLoss,0.2616914742962498,0.02400216622462066,100,0.002400216622462066,0.2569289237864811,0.2664540248060185
11,test_LogLoss,0.26061533902006095,0.02444127835440741,100,0.002444127835440741,0.2557656591371352,0.2654650189029867
12,test_LogLoss,0.2618953972801215,0.02526936707430241,100,0.0025269367074302407,0.2568814066296525,0.26690938793059055
13,test_LogLoss,0.26232149904909957,0.025972513483540145,100,0.0025972513483540145,0.2571679888961649,0.26747500920203426
14,test_LogLoss,0.2639051535757463,0.02634619576391413,100,0.002634619576391413,0.25867749675128904,0.26913281040020354
15,test_LogLoss,0.2635315636914225,0.02570862346579096,100,0.0025708623465790963,0.258430415043145,0.2686327123397
16,test_LogLoss,0.2648749836698037,0.026312730790695783,100,0.002631273079069578,0.2596539670220609,0.27009600031754655
17,test_LogLoss,0.266387187558397,0.026973646447638288,100,0.002697364644763829,0.2610350309056468,0.27173934421114726
18,test_LogLoss,0.2671122497567236,0.026466633728367425,100,0.0026466633728367424,0.26186069542719803,0.27236380408624916
19,test_LogLoss,0.26661243582523403,0.026919315009786265,100,0.0026919315009786265,0.26127105970848274,0.2719538119419853
20,test_LogLoss,0.26772659902906454,0.02763937886965736,100,0.002763937886965736,0.2622423466206152,0.2732108514375139
21,test_LogLoss,0.268154932376933,0.027521921813823867,100,0.0027521921813823866,0.2626939859966105,0.2736158787572555
22,test_LogLoss,0.26923697350191383,0.027681248552742888,100,0.0027681248552742887,0.2637444132399709,0.2747295337638568
23,test_LogLoss,0.2707473092160108,0.02825036702257825,100,0.002825036702257825,0.26514182350253707,0.27635279492948456
24,test_LogLoss,0.2698948178899121,0.028562373209480144,100,0.0028562373209480144,0.26422742337993327,0.2755622123998909
25,test_LogLoss,0.27132599692900844,0.02912287394675446,100,0.002912287394675446,0.265547386912602,0.2771046069454149
26,test_LogLoss,0.2729568306327837,0.029068146242069735,100,0.0029068146242069736,0.2671890797803129,0.2787245814852545
27,test_LogLoss,0.2741302187697531,0.029094436332473928,100,0.0029094436332473927,0.26835725139297845,0.2799031861465277
28,test_LogLoss,0.27430237775755933,0.02823036871362326,100,0.002823036871362326,0.2687008601424487,0.27990389537266996
29,test_LogLoss,0.2748394760707221,0.02860705560108295,100,0.002860705560108295,0.26916321560485773,0.2805157365365865
30,test_LogLoss,0.2762628839776769,0.028878191232663053,100,0.0028878191232663054,0.27053282432017645,0.28199294363517735
31,test_LogLoss,0.2767757559384519,0.0291670544044321,100,0.00291670544044321,0.2709883795607401,0.28256313231616365
32,test_LogLoss,0.2776638403381866,0.02928801376035885,100,0.002928801376035885,0.2718524630000266,0.2834752176763466
33,test_LogLoss,0.2776710032390483,0.02945143106962606,100,0.0029451431069626058,0.2718272003613652,0.2835148061167314
34,test_LogLoss,0.27923027813055595,0.029824401437586034,100,0.0029824401437586034,0.2733124698402183,0.2851480864208936
35,test_LogLoss,0.27995129213013065,0.029834278648808818,100,0.0029834278648808816,0.27403152398679875,0.28587106027346254
36,test_LogLoss,0.28117252000229204,0.029720528287177014,100,0.0029720528287177014,0.27527532239854,0.28706971760604405
37,test_LogLoss,0.2827243316307767,0.02985203446961051,100,0.002985203446961051,0.2768010403473824,0.288647622914171
38,test_LogLoss,0.28381442507303356,0.03010482964980062,100,0.003010482964980062,0.277840973741458,0.2897878764046091
39,test_LogLoss,0.28525437452192715,0.030962664917757322,100,0.0030962664917757324,0.27911071006231675,0.29139803898153754
40,test_LogLoss,0.285101850907487,0.030994403884013744,100,0.0030994403884013746,0.27895188874838944,0.2912518130665846
41,test_LogLoss,0.2877245161872935,0.0321024397220268,100,0.00321024397220268,0.28135469567892085,0.29409433669566615
42,test_LogLoss,0.2897531863961529,0.0331245123388008,100,0.0033124512338800803,0.2831805645065847,0.2963258082857211
43,test_LogLoss,0.2920153959375593,0.03333400990230604,100,0.003333400990230604,0.2854012051863088,0.29862958668880984
44,test_LogLoss,0.2917943271370197,0.034901927797944814,100,0.003490192779794481,0.28486902745904696,0.2987196268149924
45,test_LogLoss,0.29401877764681306,0.03508565585887883,100,0.003508565585887883,0.2870570223355416,0.3009805329580845
46,test_LogLoss,0.29615528618085113,0.03524086809468179,100,0.003524086809468179,0.28916273339464227,0.30314783896706
47,test_LogLoss,0.296687603539323,0.035708252537014006,100,0.0035708252537014007,0.2896023115397758,0.3037728955388702
48,test_LogLoss,0.2981840439971316,0.035760209052116645,100,0.0035760209052116644,0.2910884426977832,0.30527964529648
49,test_LogLoss,0.3000795852251019,0.035686633870415575,100,0.0035686633870415574,0.29299858283802827,0.3071605876121756
50,test_LogLoss,0.30151921626812916,0.036331052903901234,100,0.0036331052903901236,0.2943103471640388,0.3087280853722195
51,test_LogLoss,0.3027518336372454,0.03684005995521082,100,0.003684005995521082,0.2954419664911865,0.3100617007833043
52,test_LogLoss,0.3033615082611525,0.03690549009193571,100,0.003690549009193571,0.29603865835645016,0.3106843581658548
53,test_LogLoss,0.304791578507111,0.037942067076292614,100,0.0037942067076292612,0.2972630492400102,0.3123201077742119
54,test_LogLoss,0.30551411315256227,0.039131933670435985,100,0.003913193367043598,0.2977494885388388,0.31327873776628573
55,test_LogLoss,0.3068504036571117,0.039973487067799844,100,0.003997348706779985,0.29891879659171683,0.31478201072250656
1,test_Brier,0.1004472055356597,0.007783112981693311,100,0.0007783112981693311,0.09890286706422088,0.1019915440070985
2,test_Brier,0.07126605079699179,0.006784234986204493,100,0.0006784234986204493,0.06991991139067454,0.07261219020330904
3,test_Brier,0.06756847384037287,0.0071255170712260785,100,0.0007125517071226078,0.06615461666421836,0.06898233101652738
4,test_Brier,0.06780951968793623,0.007130385598078272,100,0.0007130385598078272,0.06639469649043078,0.06922434288544169
5,test_Brier,0.06708463150660511,0.007126843323275293,100,0.0007126843323275293,0.06567051117327077,0.06849875183993945
6,test_Brier,0.066291835191075,0.00692955228099203,100,0.000692955228099203,0.06491686168079012,0.06766680870135987
7,test_Brier,0.06642687895219607,0.007325557192617755,100,0.0007325557192617755,0.06497332947605527,0.06788042842833686
8,test_Brier,0.06635932067638889,0.007396149161733933,100,0.0007396149161733933,0.06489176422207148,0.0678268771307063
9,test_Brier,0.06612111949232628,0.007314812717531506,100,0.0007314812717531506,0.0646697019531457,0.06757253703150687
10,test_Brier,0.06638186756191489,0.0074272161037706496,100,0.000742721610377065,0.06490814675229516,0.06785558837153462
11,test_Brier,0.06561899603599014,0.007435348725179476,100,0.0007435348725179476,0.06414366153784438,0.0670943305341359
12,test_Brier,0.06572024626916619,0.007529217310864024,100,0.0007529217310864024,0.06422628620712675,0.06721420633120562
13,test_Brier,0.06533667697546894,0.007559376173788778,100,0.0007559376173788778,0.06383673274072392,0.06683662121021396
14,test_Brier,0.0657807361696547,0.007636163020896905,100,0.0007636163020896906,0.06426555575854061,0.06729591658076879
15,test_Brier,0.06618611918602707,0.007549836684457725,100,0.0007549836684457725,0.06468806779292607,0.06768417057912807
16,test_Brier,0.06660105031449332,0.007532881662469847,100,0.0007532881662469847,0.0651063631655966,0.06809573746339002
17,test_Brier,0.06716198909875376,0.007679186858916796,100,0.0007679186858916796,0.06563827182476753,0.06868570637273999
18,test_Brier,0.06707996245563588,0.007604016880388467,100,0.0007604016880388467,0.06557116053621427,0.0685887643750575
19,test_Brier,0.06712784470343261,0.007784004710819926,100,0.0007784004710819926,0.06558332929358887,0.06867236011327635
20,test_Brier,0.06739660424324452,0.007912056000188676,100,0.0007912056000188676,0.06582668067949698,0.06896652780699206
21,test_Brier,0.06766973715085617,0.0077305330675335225,100,0.0007730533067533522,0.06613583167511623,0.0692036426265961
22,test_Brier,0.0679269537895026,0.007762753663274181,100,0.0007762753663274182,0.06638665504853677,0.06946725253046843
23,test_Brier,0.06814633413648871,0.007902168980223551,100,0.0007902168980223551,0.06657837237200272,0.06971429590097471
24,test_Brier,0.06766584326983066,0.007804863542200902,100,0.0007804863542200902,0.06611718901530528,0.06921449752435604
25,test_Brier,0.06795968444603177,0.007839376000666332,100,0.0007839376000666332,0.06640418217099359,0.06951518672106996
26,test_Brier,0.06840072036652269,0.007876951772567357,100,0.0007876951772567357,0.066837762243127,0.06996367848991837
27,test_Brier,0.06867369582993492,0.007881602236944028,100,0.0007881602236944028,0.06710981495351434,0.0702375767063555
28,test_Brier,0.06928269070290526,0.007834928585585,100,0.0007834928585585,0.06772807089150658,0.07083731051430393
29,test_Brier,0.06961444423715482,0.00783740980939804,100,0.000783740980939804,0.06805933209712109,0.07116955637718855
30,test_Brier,0.07000196683006277,0.007894937066226565,100,0.0007894937066226565,0.0684354400342113,0.07156849362591423
31,test_Brier,0.07012238189256076,0.007968082564955842,100,0.0007968082564955842,0.0685413414428582,0.07170342234226332
32,test_Brier,0.07042832075049789,0.008030874094878048,100,0.0008030874094878048,0.06883482109898656,0.07202182040200922
33,test_Brier,0.0705965149292226,0.00797954488835207,100,0.000797954488835207,0.06901320010588131,0.07217982975256389
34,test_Brier,0.07099271577917592,0.008004120090359486,100,0.0008004120090359486,0.06940452470259345,0.07258090685575838
35,test_Brier,0.07099805613446852,0.007842682081974325,100,0.0007842682081974325,0.06944189786117287,0.07255421440776418
36,test_Brier,0.07120587834770097,0.007768179398275654,100,0.0007768179398275653,0.06966450302319867,0.07274725367220326
37,test_Brier,0.07147376438770074,0.00775036506266754,100,0.000775036506266754,0.06993592381386794,0.07301160496153354
38,test_Brier,0.07188646327913123,0.007763355303783374,100,0.0007763355303783373,0.0703460451596357,0.07342688139862676
39,test_Brier,0.07224225485236117,0.00782450661066421,100,0.0007824506610664211,0.07068970298689319,0.07379480671782916
40,test_Brier,0.07236280841608908,0.007713204236247626,100,0.0007713204236247626,0.070832341356428,0.07389327547575016
41,test_Brier,0.07294367046992174,0.007858839815390171,100,0.0007858839815390172,0.0713843061517718,0.07450303478807169
42,test_Brier,0.07329948222845928,0.007986237645290785,100,0.0007986237645290784,0.07171483941694093,0.07488412503997763
43,test_Brier,0.07365048414443397,0.008104819182391754,100,0.0008104819182391754,0.07204231218330952,0.07525865610555842
44,test_Brier,0.07352153519590737,0.00841829929407788,100,0.000841829929407788,0.07185116197962364,0.0751919084121911
45,test_Brier,0.07396428642579218,0.00853296320556964,100,0.000853296320556964,0.07227116140181673,0.07565741144976763
46,test_Brier,0.07445628426746273,0.008611330060604749,100,0.0008611330060604749,0.07274760955926697,0.07616495897565849
47,test_Brier,0.07451023579791698,0.008694191538327314,100,0.0008694191538327313,0.07278511957484815,0.0762353520209858
48,test_Brier,0.07469236389101638,0.008617965451178763,100,0.0008617965451178763,0.07298237257737489,0.07640235520465788
49,test_Brier,0.07499282974056287,0.008603241280393508,100,0.0008603241280393508,0.07328576002184839,0.07669989945927735
50,test_Brier,0.07536977253449191,0.008861704754346235,100,0.0008861704754346235,0.07361141805513914,0.07712812701384468
51,test_Brier,0.07549300438572738,0.008895896136813854,100,0.0008895896136813854,0.07372786559430557,0.0772581431771492
52,test_Brier,0.07566996217223737,0.00886488697600121,100,0.000886488697600121,0.07391097627106945,0.0774289480734053
53,test_Brier,0.07581142809900301,0.008959493404199595,100,0.0008959493404199594,0.07403367022997906,0.07758918596802697
54,test_Brier,0.07623010181462447,0.009209176843664303,100,0.0009209176843664303,0.07440280133428889,0.07805740229496005
55,test_Brier,0.07639899616411806,0.009064619883423383,100,0.0009064619883423382,0.07460037892088046,0.07819761340735566
1,youden_test_Precision,0.6828590701190435,0.05788512290365389,100,0.005788512290365389,0.6713734059080342,0.6943447343300527
2,youden_test_Precision,0.8182038716509062,0.05799773491425505,100,0.005799773491425505,0.8066958627738582,0.8297118805279543
3,youden_test_Precision,0.8092792643788108,0.08698925045717126,100,0.008698925045717126,0.7920187098425192,0.8265398189151024
4,youden_test_Precision,0.8126405974134169,0.0848738777563575,100,0.00848738777563575,0.7957997787143131,0.8294814161125207
5,youden_test_Precision,0.8003199421560072,0.08668691229055571,100,0.00866869122905557,0.7831193780712467,0.8175205062407678
6,youden_test_Precision,0.7954578007318288,0.09389363039634155,100,0.009389363039634155,0.7768272674239878,0.8140883340396698
7,youden_test_Precision,0.7933957247579615,0.07101837045513094,100,0.007101837045513095,0.77930413930485,0.807487310211073
8,youden_test_Precision,0.7813558716314212,0.06958988204080922,100,0.0069589882040809225,0.7675477292709939,0.7951640139918484
9,youden_test_Precision,0.7781690771342621,0.06834771394767854,100,0.006834771394767854,0.7646074078725458,0.7917307463959784
10,youden_test_Precision,0.7795262568011111,0.06932000137715114,100,0.006932000137715113,0.7657716646194573,0.7932808489827649
11,youden_test_Precision,0.7855716554651362,0.06926794112874878,100,0.006926794112874878,0.7718273931662208,0.7993159177640515
12,youden_test_Precision,0.7877178059357761,0.07395504618161426,100,0.007395504618161426,0.7730435203068846,0.8023920915646676
13,youden_test_Precision,0.7911391993262596,0.07528975718361886,100,0.007528975718361886,0.7762000780778034,0.8060783205747158
14,youden_test_Precision,0.794890433042616,0.07513870481497754,100,0.007513870481497755,0.7799812838612034,0.8097995822240286
15,youden_test_Precision,0.7855139635033533,0.07596867502967079,100,0.00759686750296708,0.7704401302250101,0.8005877967816966
16,youden_test_Precision,0.792019992800476,0.07954533239982337,100,0.007954533239982336,0.7762364731037454,0.8078035124972065
17,youden_test_Precision,0.7860019152761832,0.0733905813171801,100,0.00733905813171801,0.7714396317225503,0.8005641988298162
18,youden_test_Precision,0.7871014350338101,0.07518390485067332,100,0.007518390485067332,0.7721833171846935,0.8020195528829268
19,youden_test_Precision,0.7905818157363447,0.07806263178843798,100,0.007806263178843797,0.775092496008338,0.8060711354643514
20,youden_test_Precision,0.7966231392985992,0.08426168597591147,100,0.008426168597591146,0.7799037927303337,0.8133424858668646
21,youden_test_Precision,0.8017299344110014,0.0707860917918474,100,0.00707860917918474,0.7876844380840078,0.815775430737995
22,youden_test_Precision,0.7989832390574658,0.07292664763885603,100,0.007292664763885603,0.784513010010727,0.8134534681042046
23,youden_test_Precision,0.8018250728734112,0.06794889457341655,100,0.006794889457341654,0.788342538027998,0.8153076077188244
24,youden_test_Precision,0.8082303326355291,0.07013331047994548,100,0.007013331047994548,0.794314362283011,0.8221463029880473
25,youden_test_Precision,0.796941611148118,0.07532619973000398,100,0.007532619973000398,0.7819952589078322,0.8118879633884039
26,youden_test_Precision,0.803604742147138,0.06888548190907685,100,0.006888548190907685,0.789936368054919,0.817273116239357
27,youden_test_Precision,0.8031035833205238,0.06911609558999718,100,0.006911609558999718,0.7893894504708098,0.8168177161702378
28,youden_test_Precision,0.8019229194898497,0.06685033610478604,100,0.006685033610478603,0.7886583624780131,0.8151874765016863
29,youden_test_Precision,0.7963539773294777,0.06561160164560449,100,0.006561160164560449,0.7833352121088832,0.8093727425500721
30,youden_test_Precision,0.7818870309482044,0.072142349913275,100,0.007214234991327501,0.7675724235856846,0.7962016383107243
31,youden_test_Precision,0.7901020334510478,0.06608554233528438,100,0.006608554233528438,0.7769892281154025,0.8032148387866931
32,youden_test_Precision,0.7813655478713837,0.06401264172797437,100,0.006401264172797437,0.7686640509881362,0.7940670447546312
33,youden_test_Precision,0.7758795995152782,0.07483113691710383,100,0.007483113691710383,0.761031478477538,0.7907277205530183
34,youden_test_Precision,0.7768744919939006,0.07272640231056968,100,0.007272640231056967,0.762443995964648,0.7913049880231532
35,youden_test_Precision,0.782587602294888,0.0757302492079954,100,0.00757302492079954,0.7675610778722511,0.7976141267175249
36,youden_test_Precision,0.7845989719424302,0.07648366166070532,100,0.007648366166070532,0.769422954143773,0.7997749897410874
37,youden_test_Precision,0.7794620378496165,0.07223463820400929,100,0.007223463820400929,0.7651291184880058,0.7937949572112273
38,youden_test_Precision,0.7843334456099826,0.07345585625861416,100,0.007345585625861416,0.7697582100918189,0.7989086811281464
39,youden_test_Precision,0.7836924559673557,0.07252588144296346,100,0.007252588144296346,0.7693017476285682,0.7980831643061432
40,youden_test_Precision,0.7880035746335387,0.06870919027717803,100,0.006870919027717803,0.7743701806257633,0.801636968641314
41,youden_test_Precision,0.778600282948807,0.07095851875535367,100,0.007095851875535367,0.7645205733714234,0.7926799925261906
42,youden_test_Precision,0.7817139426180131,0.07437559806817183,100,0.007437559806817183,0.7669562103708887,0.7964716748651375
43,youden_test_Precision,0.780447284726809,0.07739932428735748,100,0.007739932428735748,0.7650895795975782,0.7958049898560399
44,youden_test_Precision,0.7804993114474468,0.06648578922329186,100,0.006648578922329186,0.7673070884458011,0.7936915344490925
45,youden_test_Precision,0.7809853163035657,0.06613524396097228,100,0.006613524396097229,0.7678626490870992,0.7941079835200322
46,youden_test_Precision,0.7771360575690259,0.0679585300342505,100,0.0067958530034250494,0.7636516108391405,0.7906205042989114
47,youden_test_Precision,0.7777900161615474,0.06454869390089574,100,0.006454869390089574,0.7649821548974554,0.7905978774256395
48,youden_test_Precision,0.7693926491890472,0.07085148287308246,100,0.007085148287308246,0.7553341778528666,0.7834511205252277
49,youden_test_Precision,0.7659123578329692,0.07295405519770712,100,0.007295405519770712,0.7514366905319431,0.7803880251339953
50,youden_test_Precision,0.7754908372213509,0.06974603917440836,100,0.006974603917440836,0.7616517098977638,0.7893299645449381
51,youden_test_Precision,0.7649582431196437,0.07558325663461526,100,0.0075583256634615265,0.7499608852125926,0.7799556010266947
52,youden_test_Precision,0.7643075825156492,0.07305826816017653,100,0.007305826816017653,0.7498112371019524,0.778803927929346
53,youden_test_Precision,0.7635289357692536,0.07416136456578495,100,0.007416136456578496,0.7488137120968326,0.7782441594416747
54,youden_test_Precision,0.7680811798557063,0.07833330494677762,100,0.007833330494677762,0.7525381527007879,0.7836242070106247
55,youden_test_Precision,0.7658029316652967,0.06621343669184998,100,0.006621343669184998,0.7526647493146204,0.778941114015973
1,youden_test_Sensitivity,0.8144047619047619,0.04606330087286274,100,0.004606330087286274,0.8052648036609659,0.8235447201485578
2,youden_test_Sensitivity,0.8177380952380952,0.044822110861904525,100,0.004482211086190452,0.8088444160202874,0.8266317744559029
3,youden_test_Sensitivity,0.825595238095238,0.04594754577088353,100,0.004594754577088353,0.816478248175,0.8347122280154761
4,youden_test_Sensitivity,0.8244047619047619,0.04541480259394673,100,0.004541480259394673,0.8153934797887759,0.8334160440207479
5,youden_test_Sensitivity,0.8301190476190476,0.050276241646816086,100,0.005027624164681608,0.8201431505252809,0.8400949447128144
6,youden_test_Sensitivity,0.8352380952380952,0.049843429701089806,100,0.00498434297010898,0.8253480774242844,0.845128113051906
7,youden_test_Sensitivity,0.8360714285714286,0.043793385100661775,100,0.004379338510066178,0.8273818708630201,0.8447609862798371
8,youden_test_Sensitivity,0.8397619047619048,0.04828834596021986,100,0.004828834596021986,0.8301804493000711,0.8493433602237386
9,youden_test_Sensitivity,0.8408333333333333,0.04675916146026147,100,0.0046759161460261465,0.8315553012521916,0.8501113654144751
10,youden_test_Sensitivity,0.8407142857142857,0.049614861538091665,100,0.004961486153809166,0.8308696207828363,0.8505589506457352
11,youden_test_Sensitivity,0.8423809523809525,0.046895659857695025,100,0.004689565985769502,0.8330758360564056,0.8516860687054993
12,youden_test_Sensitivity,0.840952380952381,0.046324391942112214,100,0.004632439194211221,0.8317606165760337,0.8501441453287283
13,youden_test_Sensitivity,0.837857142857143,0.05344849879471536,100,0.005344849879471536,0.8272518011226109,0.8484624845916751
14,youden_test_Sensitivity,0.8357142857142857,0.05112737589970284,100,0.0051127375899702844,0.8255695051192536,0.8458590663093178
15,youden_test_Sensitivity,0.8383333333333333,0.04774454362760326,100,0.004774454362760326,0.8288597800521685,0.847806886614498
16,youden_test_Sensitivity,0.8325,0.04857903792171183,100,0.004857903792171183,0.822860864946398,0.842139135053602
17,youden_test_Sensitivity,0.8330952380952381,0.050421958033159124,100,0.005042195803315912,0.8230904277090808,0.8431000484813954
18,youden_test_Sensitivity,0.8333333333333333,0.05013781140863401,100,0.005013781140863401,0.8233849038020878,0.8432817628645787
19,youden_test_Sensitivity,0.8327380952380952,0.046842361248148494,100,0.004684236124814849,0.8234435545140041,0.8420326359621862
20,youden_test_Sensitivity,0.8291666666666667,0.046781199333703075,100,0.004678119933370308,0.8198842617933191,0.8384490715400144
21,youden_test_Sensitivity,0.8291666666666667,0.04647418240364995,100,0.004647418240364995,0.8199451806130226,0.8383881527203109
22,youden_test_Sensitivity,0.8294047619047619,0.04492929591855263,100,0.004492929591855263,0.8204898148463184,0.8383197089632053
23,youden_test_Sensitivity,0.8264285714285714,0.04341006689978066,100,0.004341006689978066,0.8178150723673668,0.835042070489776
24,youden_test_Sensitivity,0.8270238095238095,0.04672240857174818,100,0.0046722408571748175,0.8177530700131086,0.8362945490345104
25,youden_test_Sensitivity,0.8292857142857143,0.0479850055219514,100,0.00479850055219514,0.8197644481478519,0.8388069804235767
26,youden_test_Sensitivity,0.8261904761904763,0.04773914629054335,100,0.004773914629054335,0.8167179938580803,0.8356629585228722
27,youden_test_Sensitivity,0.8263095238095238,0.049796736338369056,100,0.004979673633836905,0.8164287709718967,0.836190276647151
28,youden_test_Sensitivity,0.8246428571428571,0.04621099473356488,100,0.004621099473356488,0.8154735932328561,0.8338121210528582
29,youden_test_Sensitivity,0.825952380952381,0.05098100817266456,100,0.005098100817266455,0.8158366428898643,0.8360681190148976
30,youden_test_Sensitivity,0.8297619047619048,0.04595144012574674,100,0.004595144012574675,0.8206441421171733,0.8388796674066363
31,youden_test_Sensitivity,0.8296428571428571,0.04488594232406451,100,0.004488594232406451,0.8207365123781232,0.8385492019075911
32,youden_test_Sensitivity,0.8292857142857143,0.044806937526668734,100,0.004480693752666873,0.8203950457868053,0.8381763827846233
33,youden_test_Sensitivity,0.8297619047619048,0.047181127304016586,100,0.004718112730401658,0.8204001455027462,0.8391236640210634
34,youden_test_Sensitivity,0.8276190476190476,0.045449620659021694,100,0.00454496206590217,0.8186008568435673,0.8366372383945279
35,youden_test_Sensitivity,0.8222619047619049,0.04512640956207648,100,0.004512640956207648,0.8133078460801745,0.8312159634436352
36,youden_test_Sensitivity,0.8211904761904762,0.048215955825918914,100,0.004821595582591891,0.8116233845018033,0.8307575678791492
37,youden_test_Sensitivity,0.8257142857142857,0.04312353740925131,100,0.004312353740925131,0.817157640320305,0.8342709311082664
38,youden_test_Sensitivity,0.8210714285714286,0.04446167337673479,100,0.004446167337673479,0.812249267970427,0.8298935891724302
39,youden_test_Sensitivity,0.8213095238095238,0.045670041068832434,100,0.004567004106883243,0.8122475968426813,0.8303714507763663
40,youden_test_Sensitivity,0.8191666666666667,0.04642240434615294,100,0.004642240434615294,0.8099554545029631,0.8283778788303703
41,youden_test_Sensitivity,0.8196428571428571,0.04625805814535854,100,0.004625805814535854,0.8104642548309081,0.8288214594548061
42,youden_test_Sensitivity,0.8171428571428571,0.04585850866838706,100,0.004585850866838706,0.8080435341154284,0.8262421801702857
43,youden_test_Sensitivity,0.8167857142857143,0.048183731017503964,100,0.004818373101750396,0.8072250166981532,0.8263464118732755
44,youden_test_Sensitivity,0.8173809523809524,0.048014829511755015,100,0.004801482951175501,0.8078537685164768,0.826908136245428
45,youden_test_Sensitivity,0.8160714285714286,0.04681179027980935,100,0.004681179027980935,0.806782953790698,0.8253599033521591
46,youden_test_Sensitivity,0.8171428571428571,0.04560809174345039,100,0.004560809174345039,0.8080932222661708,0.8261924920195434
47,youden_test_Sensitivity,0.8179761904761905,0.04439207257563978,100,0.004439207257563978,0.8091678401841266,0.8267845407682545
48,youden_test_Sensitivity,0.8192857142857143,0.04610321863345238,100,0.004610321863345238,0.8101378354921952,0.8284335930792334
49,youden_test_Sensitivity,0.820952380952381,0.046305846606510874,100,0.004630584660651088,0.8117642963729611,0.8301404655318009
50,youden_test_Sensitivity,0.8148809523809524,0.046842361248148494,100,0.004684236124814849,0.8055864116568613,0.8241754931050435
51,youden_test_Sensitivity,0.8167857142857143,0.048064743236205874,100,0.004806474323620588,0.8072486264554215,0.8263228021160072
52,youden_test_Sensitivity,0.8153571428571429,0.051001081453667656,100,0.005100108145366765,0.8052374218201822,0.8254768638941036
53,youden_test_Sensitivity,0.8153571428571429,0.048468109892367654,100,0.004846810989236765,0.8057400183311639,0.8249742673831219
54,youden_test_Sensitivity,0.8085714285714286,0.050668360989655534,100,0.0050668360989655535,0.7985177264929512,0.818625130649906
55,youden_test_Sensitivity,0.8067857142857143,0.052395571662305004,100,0.0052395571662305004,0.7963892961376737,0.8171821324337549
1,youden_test_Specificity,0.9039233038348082,0.028204553622490202,100,0.00282045536224902,0.8983269084938409,0.9095196991757756
2,youden_test_Specificity,0.9535103244837758,0.02039464196743017,100,0.002039464196743017,0.9494635850524448,0.9575570639151069
3,youden_test_Specificity,0.9479351032448378,0.033364222990900944,100,0.003336422299090094,0.9413149175613322,0.9545552889283433
4,youden_test_Specificity,0.9491740412979351,0.033339133915175595,100,0.0033339133915175597,0.9425588338313651,0.9557892487645052
5,youden_test_Specificity,0.9445427728613569,0.03355238248535413,100,0.003355238248535413,0.9378852522520018,0.951200293470712
6,youden_test_Specificity,0.9418289085545724,0.036690839760585625,100,0.0036690839760585626,0.9345486499324829,0.9491091671766618
7,youden_test_Specificity,0.9434218289085545,0.026046925825872175,100,0.0026046925825872176,0.9382535537325135,0.9485901040845955
8,youden_test_Specificity,0.9391150442477876,0.026165236922199256,100,0.0026165236922199254,0.9339232935834573,0.9443067949121179
9,youden_test_Specificity,0.9379646017699115,0.026452337891491196,100,0.0026452337891491196,0.9327158840445726,0.9432133194952503
10,youden_test_Specificity,0.9383775811209439,0.026277112306650495,100,0.0026277112306650496,0.9331636319531843,0.9435915302887036
11,youden_test_Specificity,0.9404129793510324,0.025787893797047132,100,0.002578789379704713,0.9352961017492513,0.9455298569528136
12,youden_test_Specificity,0.9408554572271386,0.027894707029713618,100,0.0027894707029713617,0.9353205421723492,0.946390372281928
13,youden_test_Specificity,0.941976401179941,0.028203930345674564,100,0.0028203930345674566,0.936380129510616,0.9475726728492659
14,youden_test_Specificity,0.9435103244837758,0.02770817642313843,100,0.0027708176423138432,0.938012421148142,0.9490082278194096
15,youden_test_Specificity,0.94,0.02992222747599635,100,0.002992222747599635,0.9340627809012902,0.9459372190987096
16,youden_test_Specificity,0.9421828908554573,0.03188962292231386,100,0.003188962292231386,0.9358552978172419,0.9485104838936727
17,youden_test_Specificity,0.94070796460177,0.02813979945182731,100,0.002813979945182731,0.9351244178931142,0.9462915113104258
18,youden_test_Specificity,0.9409734513274336,0.028598329119577735,100,0.0028598329119577737,0.9352989223848223,0.9466479802700449
19,youden_test_Specificity,0.942094395280236,0.029894117497931933,100,0.0029894117497931932,0.9361627538110248,0.9480260367494472
20,youden_test_Specificity,0.9437758112094395,0.03242214606706702,100,0.0032422146067067016,0.937342554026131,0.9502090683927481
21,youden_test_Specificity,0.9466666666666668,0.024962393198841415,100,0.0024962393198841417,0.9417135862929361,0.9516197470403974
22,youden_test_Specificity,0.9455457227138644,0.02718957318632881,100,0.002718957318632881,0.9401507215115931,0.9509407239161357
23,youden_test_Specificity,0.9471091445427728,0.023925273224579546,100,0.0023925273224579546,0.9423618512724181,0.9518564378131276
24,youden_test_Specificity,0.9489675516224189,0.024986395607060966,100,0.0024986395607060966,0.9440097086501614,0.9539253945946763
25,youden_test_Specificity,0.944424778761062,0.029985316288203775,100,0.0029985316288203773,0.9384750414732886,0.9503745160488354
26,youden_test_Specificity,0.9474041297935103,0.026354467158090256,100,0.0026354467158090254,0.9421748317449993,0.9526334278420213
27,youden_test_Specificity,0.9472566371681416,0.026265017580691923,100,0.0026265017580691923,0.9420450878564092,0.952468186479874
28,youden_test_Specificity,0.9472861356932154,0.024091483715841206,100,0.0024091483715841205,0.9425058626554313,0.9520664087309995
29,youden_test_Specificity,0.9453392330383481,0.024174524008979004,100,0.0024174524008979004,0.9405424830048332,0.950135983071863
30,youden_test_Specificity,0.9398525073746313,0.027429270636318854,100,0.0027429270636318854,0.9344099449980078,0.9452950697512549
31,youden_test_Specificity,0.9432448377581121,0.02389904670993962,100,0.002389904670993962,0.9385027483972503,0.9479869271189738
32,youden_test_Specificity,0.9403539823008848,0.024076611915669704,100,0.0024076611915669704,0.9355766601509009,0.9451313044508688
33,youden_test_Specificity,0.9374926253687316,0.029399120375957325,100,0.0029399120375957323,0.9316592020675611,0.943326048669902
34,youden_test_Specificity,0.9383185840707965,0.028038399062604025,100,0.0028038399062604025,0.9327551573992602,0.9438820107423328
35,youden_test_Specificity,0.9402949852507375,0.030085983217255433,100,0.0030085983217255433,0.9343252734602553,0.9462646970412197
36,youden_test_Specificity,0.9409144542772861,0.03045571653457463,100,0.003045571653457463,0.9348713793752248,0.9469575291793475
37,youden_test_Specificity,0.9393805309734513,0.027491622116675957,100,0.0027491622116675957,0.9339255967103997,0.944835465236503
38,youden_test_Specificity,0.9412979351032449,0.028064734831411045,100,0.0028064734831411047,0.9357292828438185,0.9468665873626713
39,youden_test_Specificity,0.9410619469026549,0.02858444916940391,100,0.0028584449169403907,0.9353901720432857,0.9467337217620241
40,youden_test_Specificity,0.9428908554572272,0.026245734800657842,100,0.0026245734800657843,0.9376831322673965,0.9480985786470578
41,youden_test_Specificity,0.9394395280235989,0.02782555215058012,100,0.002782555215058012,0.9339183347971556,0.9449607212500422
42,youden_test_Specificity,0.9403834808259588,0.029427807728281186,100,0.0029427807728281186,0.9345443653317107,0.9462225963202069
43,youden_test_Specificity,0.9397935103244838,0.03025197596788672,100,0.0030251975967886717,0.9337908619710372,0.9457961586779303
44,youden_test_Specificity,0.9406194690265487,0.025929481672802547,100,0.0025929481672802546,0.9354744973184462,0.9457644407346512
45,youden_test_Specificity,0.9409734513274336,0.02543266149361512,100,0.002543266149361512,0.9359270595214746,0.9460198431333926
46,youden_test_Specificity,0.939410029498525,0.026634348214863292,100,0.002663434821486329,0.9341251969762863,0.9446948620207638
47,youden_test_Specificity,0.9399705014749263,0.02384475629361589,100,0.002384475629361589,0.9352391845105024,0.9447018184393503
48,youden_test_Specificity,0.9364011799410029,0.02757126004849068,100,0.002757126004849068,0.9309304437845216,0.9418719160974842
49,youden_test_Specificity,0.9349557522123894,0.02799221652199817,100,0.002799221652199817,0.9294014891588468,0.9405100152659319
50,youden_test_Specificity,0.9389970501474926,0.025578724578195784,100,0.0025578724578195784,0.933921676256691,0.9440724240382942
51,youden_test_Specificity,0.934424778761062,0.030583586576673785,100,0.0030583586576673786,0.9283563316684873,0.9404932258536367
52,youden_test_Specificity,0.9345427728613569,0.02923121637575476,100,0.0029231216375754762,0.9287426653565306,0.9403428803661832
53,youden_test_Specificity,0.9341592920353982,0.03036155947993966,100,0.003036155947993966,0.9281348999357286,0.9401836841350677
54,youden_test_Specificity,0.9359292035398229,0.030924333305870914,100,0.0030924333305870915,0.9297931449036212,0.9420652621760246
55,youden_test_Specificity,0.9363716814159292,0.024946807435927136,100,0.0024946807435927134,0.9314216935956963,0.9413216692361621
1,youden_val_thr,0.40950247929367384,0.04878564486288758,100,0.004878564486288758,0.3998223489405722,0.41918260964677545
2,youden_val_thr,0.48972759379579567,0.08847580691128089,100,0.00884758069112809,0.47217207420793067,0.5072831133836607
3,youden_val_thr,0.5004098828295881,0.12214546906028811,100,0.01221454690602881,0.4761735718026983,0.5246461938564779
4,youden_val_thr,0.5031681728185048,0.11694078649879755,100,0.011694078649879754,0.4799645837282286,0.526371761908781
5,youden_val_thr,0.4889886342141007,0.12582960870318202,100,0.012582960870318202,0.46402130995406676,0.5139559584741347
6,youden_val_thr,0.4705807416845761,0.14410517203908838,100,0.014410517203908837,0.44198714916745246,0.4991743342016997
7,youden_val_thr,0.4653534244330335,0.10586606734632971,100,0.010586606734632971,0.44434729989039584,0.4863595489756712
8,youden_val_thr,0.44600769896793474,0.1180609701025696,100,0.01180609701025696,0.42258184114810915,0.46943355678776033
9,youden_val_thr,0.43997841738239785,0.115884490241995,100,0.0115884490241995,0.4169844203859861,0.4629724143788096
10,youden_val_thr,0.4451845797426526,0.12105137237993804,100,0.012105137237993804,0.42116536123374526,0.4692037982515599
11,youden_val_thr,0.45364764563419874,0.11834595713230377,100,0.011834595713230377,0.4301652402048351,0.4771300510635624
12,youden_val_thr,0.45638326020725345,0.11913678186686479,100,0.01191367818668648,0.4327439379934848,0.4800225824210221
13,youden_val_thr,0.466665956627276,0.13167409801199972,100,0.013167409801199972,0.4405389588912499,0.4927929543633021
14,youden_val_thr,0.4739206019113233,0.13439279917130165,100,0.013439279917130165,0.4472541548826387,0.5005870489400078
15,youden_val_thr,0.462861292378369,0.12552169311607236,100,0.012552169311607237,0.43795506525109507,0.4877675195056429
16,youden_val_thr,0.4844647908640609,0.128473608509567,100,0.0128473608509567,0.45897283968044494,0.5099567420476769
17,youden_val_thr,0.4857890099650296,0.13217402116519597,100,0.013217402116519597,0.4595628166294972,0.5120152033005619
18,youden_val_thr,0.4859933271034892,0.1344978346066013,100,0.013449783460660131,0.4593060387656807,0.5126806154412976
19,youden_val_thr,0.5008984304719668,0.12777224596887968,100,0.012777224596887968,0.47554564483259476,0.5262512161113388
20,youden_val_thr,0.5163789309793687,0.1440716259854589,100,0.01440716259854589,0.48779199472707213,0.5449658672316653
21,youden_val_thr,0.5229595140565818,0.12094265871781751,100,0.01209426587178175,0.49896186669679937,0.5469571614163642
22,youden_val_thr,0.5267478748375298,0.11922643121584849,100,0.011922643121584848,0.503090764247966,0.5504049854270937
23,youden_val_thr,0.5339785175583411,0.11931921976533456,100,0.011931921976533456,0.5103029957074969,0.5576540394091853
24,youden_val_thr,0.5400152639498256,0.1202930878103655,100,0.01202930878103655,0.5161465055506255,0.5638840223490257
25,youden_val_thr,0.5244318292473067,0.12380068300706368,100,0.012380068300706367,0.49986708786324746,0.5489965706313659
26,youden_val_thr,0.5370374695921484,0.11864234620757914,100,0.011864234620757915,0.5134962541400421,0.5605786850442547
27,youden_val_thr,0.5386429357853778,0.12062867989535453,100,0.012062867989535453,0.5147075886357924,0.5625782829349633
28,youden_val_thr,0.5479948216637414,0.12436366141434783,100,0.012436366141434783,0.5233183731497711,0.5726712701777116
29,youden_val_thr,0.5368486673112632,0.11661396783775692,100,0.011661396783775691,0.5137099261337202,0.5599874084888062
30,youden_val_thr,0.5171135274829218,0.11984944146415737,100,0.011984944146415736,0.49333279814378733,0.5408942568220564
31,youden_val_thr,0.5292058001391754,0.11904955346350393,100,0.011904955346350393,0.5055837859330676,0.5528278143452832
32,youden_val_thr,0.5195532604230941,0.11589659003010147,100,0.011589659003010146,0.4965568625662153,0.542549658279973
33,youden_val_thr,0.5140788929677828,0.13418326895336227,100,0.013418326895336227,0.48745402128012866,0.5407037646554368
34,youden_val_thr,0.5170849148862614,0.12720410035095983,100,0.012720410035095983,0.491844861663494,0.5423249681090289
35,youden_val_thr,0.5366352327336918,0.13443154763037793,100,0.013443154763037793,0.5099610971700725,0.5633093682973112
36,youden_val_thr,0.5368461697247251,0.13437654655336637,100,0.013437654655336636,0.5101829475680421,0.5635093918814081
37,youden_val_thr,0.5256253426586891,0.12478127293537185,100,0.012478127293537184,0.5008660309587994,0.5503846543585788
38,youden_val_thr,0.5410963125795534,0.12333681179300987,100,0.012333681179300986,0.516623613308122,0.5655690118509847
39,youden_val_thr,0.5406964947796378,0.11809556528380831,100,0.011809556528380831,0.5172637725253065,0.564129217033969
40,youden_val_thr,0.551328891932214,0.12356094134998974,100,0.012356094134998974,0.5268117204941516,0.5758460633702764
41,youden_val_thr,0.5411111093234561,0.12013399254810485,100,0.012013399254810484,0.5172739188758855,0.5649482997710267
42,youden_val_thr,0.5541294624109592,0.12282542168322166,100,0.012282542168322166,0.5297582340319993,0.5785006907899191
43,youden_val_thr,0.5500886292047972,0.12376315118147724,100,0.012376315118147723,0.5255313349491932,0.5746459234604011
44,youden_val_thr,0.5510887470359509,0.11529871646882693,100,0.011529871646882694,0.5282109802645907,0.5739665138073111
45,youden_val_thr,0.5580685486349339,0.1138309927883702,100,0.01138309927883702,0.5354820100842744,0.5806550871855934
46,youden_val_thr,0.5495897346174896,0.11432371554624209,100,0.011432371554624208,0.5269054291819699,0.5722740400530093
47,youden_val_thr,0.5522850063238675,0.11868145411843165,100,0.011868145411843164,0.5287360310137957,0.5758339816339392
48,youden_val_thr,0.536221807038829,0.12714069582121806,100,0.012714069582121807,0.5109943346503337,0.5614492794273244
49,youden_val_thr,0.5329498912287933,0.1330717499396912,100,0.01330717499396912,0.5065455690280329,0.5593542134295537
50,youden_val_thr,0.5544060045919473,0.13062973788327772,100,0.013062973788327773,0.5284862305630184,0.5803257786208763
51,youden_val_thr,0.5395483693528275,0.1337512611017616,100,0.013375126110176161,0.5130092173954098,0.5660875213102451
52,youden_val_thr,0.5461732024480326,0.14153488215804896,100,0.014153488215804897,0.5180896112061539,0.5742567936899112
53,youden_val_thr,0.5373661718663785,0.13950940634187864,100,0.013950940634187864,0.5096844789694471,0.5650478647633098
54,youden_val_thr,0.5564308537376503,0.13910592803418592,100,0.013910592803418591,0.5288292196904911,0.5840324877848095
55,youden_val_thr,0.5530120140891279,0.12836078158308253,100,0.012836078158308253,0.5275424502155245,0.5784815779627314
1,f1_test_Precision,0.7375629912492825,0.050994678402290126,100,0.005099467840229013,0.7274445407166303,0.7476814417819346
2,f1_test_Precision,0.8732304181874455,0.045740405310041574,100,0.004574040531004157,0.8641545294285837,0.8823063069463073
3,f1_test_Precision,0.8848853086076585,0.04284241711271127,100,0.004284241711271127,0.8763844435794607,0.8933861736358563
4,f1_test_Precision,0.8897986747067508,0.042319217527963485,100,0.004231921752796348,0.881401623827065,0.8981957255864366
5,f1_test_Precision,0.8818905605283676,0.04564813758864712,100,0.004564813758864712,0.8728329796871933,0.8909481413695418
6,f1_test_Precision,0.8878578002753259,0.03912383700601354,100,0.003912383700601354,0.8800947822154823,0.8956208183351695
7,f1_test_Precision,0.8807340967998306,0.05096061844558489,100,0.005096061844558489,0.870622404501525,0.8908457890981363
8,f1_test_Precision,0.8776106329942656,0.052243853734402865,100,0.005224385373440286,0.8672443189746653,0.8879769470138659
9,f1_test_Precision,0.8788179074147534,0.05224717788077454,100,0.005224717788077454,0.868450933812395,0.8891848810171118
10,f1_test_Precision,0.8749128856189874,0.05424059695883331,100,0.005424059695883331,0.864150374423999,0.8856753968139758
11,f1_test_Precision,0.8801602274432814,0.056753057468324465,100,0.005675305746832447,0.8688991895749806,0.8914212653115822
12,f1_test_Precision,0.8769575292308783,0.0534262640685018,100,0.00534262640685018,0.866356599348413,0.8875584591133436
13,f1_test_Precision,0.872862874786785,0.053818454271689055,100,0.005381845427168906,0.8621841258593786,0.8835416237141914
14,f1_test_Precision,0.8734375978659853,0.050068306876786386,100,0.005006830687678638,0.8635029595417703,0.8833722361902003
15,f1_test_Precision,0.8805957206938271,0.05838884026677078,100,0.005838884026677078,0.8690101080297472,0.892181333357907
16,f1_test_Precision,0.8841903503359352,0.047331954682296465,100,0.004733195468229647,0.8747986636527019,0.8935820370191685
17,f1_test_Precision,0.8816970891510312,0.04805594340057787,100,0.004805594340057787,0.8721617473990407,0.8912324309030216
18,f1_test_Precision,0.8815091645140244,0.05030235089796193,100,0.005030235089796193,0.871528086778386,0.8914902422496628
19,f1_test_Precision,0.891933020782246,0.046123519240700704,100,0.00461235192407007,0.882781113907824,0.901084927656668
20,f1_test_Precision,0.8898187076820199,0.04284182681245235,100,0.004284182681245235,0.8813179597822002,0.8983194555818396
21,f1_test_Precision,0.8799405060744825,0.0497571298994365,100,0.00497571298994365,0.8700676120136076,0.8898134001353574
22,f1_test_Precision,0.8824504191561884,0.04613066355527036,100,0.004613066355527036,0.8732970946947587,0.8916037436176181
23,f1_test_Precision,0.8816676476241326,0.04760761937257789,100,0.004760761937257789,0.8722212630857583,0.891114032162507
24,f1_test_Precision,0.8795967261568213,0.05004595992674805,100,0.005004595992674805,0.8696665219523144,0.8895269303613281
25,f1_test_Precision,0.8719266123150586,0.048813493064057724,100,0.004881349306405772,0.8622409562746737,0.8816122683554436
26,f1_test_Precision,0.8731969015017058,0.053117250576785145,100,0.0053117250576785145,0.8626572866000938,0.8837365164033179
27,f1_test_Precision,0.8689540534346155,0.052621103023335544,100,0.005262110302333554,0.8585128849716077,0.8793952218976233
28,f1_test_Precision,0.8700825551949757,0.05193093059707862,100,0.005193093059707862,0.8597783319147375,0.8803867784752138
29,f1_test_Precision,0.8717335307588701,0.05219748219835534,100,0.005219748219835534,0.8613764178580594,0.8820906436596807
30,f1_test_Precision,0.871979967787037,0.051368923792947434,100,0.005136892379294744,0.8617872588495653,0.8821726767245087
31,f1_test_Precision,0.870309547852711,0.0520775043105577,100,0.00520775043105577,0.8599762411677786,0.8806428545376433
32,f1_test_Precision,0.8706985906187177,0.051519950722568014,100,0.005151995072256802,0.860475914661856,0.8809212665755793
33,f1_test_Precision,0.8676656638531164,0.051708766856860454,100,0.005170876685686046,0.8574055226788151,0.8779258050274177
34,f1_test_Precision,0.8660631135254028,0.05091605878630438,100,0.005091605878630438,0.8559602628302272,0.8761659642205784
35,f1_test_Precision,0.8693392334647494,0.05074020974659722,100,0.005074020974659722,0.8592712750341246,0.8794071918953742
36,f1_test_Precision,0.869690036911945,0.052569896419925495,100,0.0052569896419925495,0.8592590289499892,0.8801210448739009
37,f1_test_Precision,0.863095059452838,0.052222668828388594,100,0.005222266882838859,0.8527329489782008,0.8734571699274752
38,f1_test_Precision,0.863096743218633,0.055896327542720836,100,0.005589632754272084,0.8520056991544636,0.8741877872828023
39,f1_test_Precision,0.8637943264288793,0.05136123745830202,100,0.005136123745830202,0.8536031426269575,0.8739855102308012
40,f1_test_Precision,0.8664175027421628,0.049687868740696785,100,0.004968786874069679,0.8565583515978137,0.8762766538865119
41,f1_test_Precision,0.8620513700738934,0.046716157430678334,100,0.0046716157430678334,0.8527818709252003,0.8713208692225866
42,f1_test_Precision,0.8664757127624114,0.04597899575680922,100,0.004597899575680922,0.8573524824826534,0.8755989430421695
43,f1_test_Precision,0.8632070958866376,0.048871221620557875,100,0.004887122162055788,0.8535099852482129,0.8729042065250623
44,f1_test_Precision,0.8568727766529323,0.04747812830022628,100,0.0047478128300226284,0.8474520859526419,0.8662934673532227
45,f1_test_Precision,0.8588147344455502,0.046644373077654344,100,0.004664437307765434,0.8495594788698699,0.8680699900212305
46,f1_test_Precision,0.8567403314423351,0.04767792457361084,100,0.004767792457361085,0.8472799968267933,0.8662006660578768
47,f1_test_Precision,0.8553142378830568,0.053536062495960525,100,0.0053536062495960525,0.8446915216104893,0.8659369541556243
48,f1_test_Precision,0.8560231588019949,0.04738799620985919,100,0.004738799620985919,0.8466203522638633,0.8654259653401264
49,f1_test_Precision,0.857234317844393,0.04897677689884485,100,0.004897677689884485,0.8475162627487176,0.8669523729400683
50,f1_test_Precision,0.8452239526823988,0.05154778429147473,100,0.005154778429147473,0.8349957539416124,0.8554521514231852
51,f1_test_Precision,0.8474638285291951,0.049427171133715836,100,0.004942717113371584,0.8376564054459469,0.8572712516124433
52,f1_test_Precision,0.8459060922320347,0.05434873822263435,100,0.005434873822263435,0.8351221234641664,0.8566900609999031
53,f1_test_Precision,0.8442168142021904,0.05237059463733962,100,0.0052370594637339615,0.8338253520377834,0.8546082763665974
54,f1_test_Precision,0.851901052158697,0.05237460979046916,100,0.005237460979046916,0.8415087933007998,0.8622933110165943
55,f1_test_Precision,0.852110285339605,0.05374060299407297,100,0.005374060299407297,0.8414469837946734,0.8627735868845365
1,f1_test_Sensitivity,0.7663095238095238,0.061839399207539135,100,0.0061839399207539135,0.7540392453911718,0.7785798022278757
2,f1_test_Sensitivity,0.7820238095238095,0.05804302904039121,100,0.00580430290403912,0.7705068133094728,0.7935408057381461
3,f1_test_Sensitivity,0.7946428571428571,0.0503195030106902,100,0.00503195030106902,0.7846583760559356,0.8046273382297786
4,f1_test_Sensitivity,0.7915476190476189,0.04954888804284898,100,0.004954888804284898,0.7817160446889311,0.8013791934063068
5,f1_test_Sensitivity,0.7925,0.050514854232978516,100,0.005051485423297851,0.7824767569924007,0.8025232430075993
6,f1_test_Sensitivity,0.7965476190476192,0.052701775610288076,100,0.005270177561028808,0.7860904433931555,0.8070047947020829
7,f1_test_Sensitivity,0.789047619047619,0.05765662098435497,100,0.005765662098435497,0.777607294574784,0.800487943520454
8,f1_test_Sensitivity,0.7867857142857143,0.05949000964359127,100,0.005949000964359127,0.774981605727229,0.7985898228441997
9,f1_test_Sensitivity,0.7826190476190475,0.05784352775390311,100,0.005784352775390311,0.7711416367881622,0.7940964584499329
10,f1_test_Sensitivity,0.7842857142857143,0.05418004449233599,100,0.005418004449233599,0.7735352180137743,0.7950362105576542
11,f1_test_Sensitivity,0.7909523809523811,0.05773701049743944,100,0.005773701049743944,0.7794961054560868,0.8024086564486753
12,f1_test_Sensitivity,0.7908333333333333,0.05898639065891142,100,0.005898639065891142,0.7791291537075022,0.8025375129591643
13,f1_test_Sensitivity,0.7955952380952381,0.053935750121862594,100,0.005393575012186259,0.7848932151264052,0.8062972610640711
14,f1_test_Sensitivity,0.7951190476190476,0.05191358133632067,100,0.005191358133632067,0.7848182668085388,0.8054198284295564
15,f1_test_Sensitivity,0.7840476190476191,0.05350846066890135,100,0.005350846066890135,0.7734303795763662,0.794664858518872
16,f1_test_Sensitivity,0.7852380952380952,0.05132076777728269,100,0.005132076777728269,0.7750549414988838,0.7954212489773066
17,f1_test_Sensitivity,0.7869047619047619,0.04702917480853619,100,0.004702917480853619,0.77757315331734,0.7962363704921838
18,f1_test_Sensitivity,0.7854761904761905,0.051849704483810925,100,0.005184970448381092,0.7751880842190382,0.7957642967333429
19,f1_test_Sensitivity,0.7851190476190476,0.05043317138201439,100,0.005043317138201439,0.775112012261202,0.7951260829768932
20,f1_test_Sensitivity,0.7797619047619048,0.05641217545420848,100,0.005641217545420848,0.768568505280694,0.7909553042431156
21,f1_test_Sensitivity,0.7872619047619048,0.053685677969611045,100,0.005368567796961104,0.7766095015334337,0.797914307990376
22,f1_test_Sensitivity,0.7846428571428571,0.05451759187049902,100,0.005451759187049902,0.7738253841479457,0.7954603301377685
23,f1_test_Sensitivity,0.7815476190476189,0.05341085442657247,100,0.005341085442657247,0.770949746772427,0.7921454913228109
24,f1_test_Sensitivity,0.7848809523809525,0.05615159035530223,100,0.0056151590355302235,0.7737392586367997,0.7960226461251052
25,f1_test_Sensitivity,0.7886904761904762,0.05564245419801276,100,0.005564245419801276,0.7776498061057194,0.7997311462752329
26,f1_test_Sensitivity,0.7830952380952381,0.055182731705373314,100,0.005518273170537331,0.7721457869267734,0.7940446892637028
27,f1_test_Sensitivity,0.7859523809523811,0.05667749824733713,100,0.005667749824733713,0.7747063356727935,0.7971984262319687
28,f1_test_Sensitivity,0.7836904761904762,0.05477850199162246,100,0.005477850199162246,0.7728212329670474,0.7945597194139049
29,f1_test_Sensitivity,0.7792857142857144,0.052764892263345214,100,0.005276489226334521,0.7688160149179583,0.7897554136534705
30,f1_test_Sensitivity,0.7769047619047619,0.05489767138302074,100,0.005489767138302074,0.7660118728886809,0.7877976509208429
31,f1_test_Sensitivity,0.7779761904761905,0.0573902123899214,100,0.00573902123899214,0.7665887272482678,0.7893636537041132
32,f1_test_Sensitivity,0.778452380952381,0.0537187328657542,100,0.005371873286575421,0.7677934189153838,0.7891113429893782
33,f1_test_Sensitivity,0.7815476190476189,0.058133720173373434,100,0.005813372017337343,0.7700126277449401,0.7930826103502978
34,f1_test_Sensitivity,0.782142857142857,0.05816141682043115,100,0.005816141682043115,0.7706023702245187,0.7936833440611953
35,f1_test_Sensitivity,0.7771428571428571,0.057182926467704384,100,0.005718292646770438,0.7657965239390032,0.788489190346711
36,f1_test_Sensitivity,0.7751190476190476,0.05880749850946668,100,0.0058807498509466675,0.7634503640767599,0.7867877311613353
37,f1_test_Sensitivity,0.7767857142857143,0.05753968253968252,100,0.005753968253968253,0.7653685929373004,0.7882028356341282
38,f1_test_Sensitivity,0.7788095238095238,0.05501645254484856,100,0.005501645254484856,0.76789306603396,0.7897259815850877
39,f1_test_Sensitivity,0.7732142857142857,0.059448605691475434,100,0.005944860569147543,0.7614183925981655,0.785010178830406
40,f1_test_Sensitivity,0.7714285714285714,0.060489993993429095,100,0.00604899939934291,0.7594260442802591,0.7834310985768836
41,f1_test_Sensitivity,0.7733333333333333,0.05652422872612834,100,0.005652422872612834,0.7621177000519601,0.7845489666147065
42,f1_test_Sensitivity,0.768452380952381,0.058794838803489444,100,0.005879483880348944,0.7567862093704135,0.7801185525343485
43,f1_test_Sensitivity,0.7695238095238095,0.05499927641226553,100,0.005499927641226553,0.7586107598655891,0.7804368591820299
44,f1_test_Sensitivity,0.7746428571428571,0.056177078933768575,100,0.005617707893376857,0.7634961059117579,0.7857896083739563
45,f1_test_Sensitivity,0.769047619047619,0.059198243857910574,100,0.005919824385791058,0.7573014031509178,0.7807938349443202
46,f1_test_Sensitivity,0.768095238095238,0.060525009364021214,100,0.006052500936402121,0.7560857631377363,0.7801047130527398
47,f1_test_Sensitivity,0.7658333333333333,0.0653378660446975,100,0.00653378660446975,0.7528688831946961,0.7787977834719704
48,f1_test_Sensitivity,0.763452380952381,0.0634165992728381,100,0.00634165992728381,0.7508691518234681,0.7760356100812938
49,f1_test_Sensitivity,0.7614285714285713,0.06456347099939257,100,0.006456347099939257,0.748617778067546,0.7742393647895967
50,f1_test_Sensitivity,0.7686904761904763,0.06347526383084069,100,0.006347526383084069,0.7560956067405188,0.7812853456404337
51,f1_test_Sensitivity,0.765952380952381,0.0629763507337083,100,0.0062976350733708305,0.7534565066848935,0.7784482552198686
52,f1_test_Sensitivity,0.7657142857142857,0.06482811458603184,100,0.006482811458603184,0.7528509813241866,0.7785775901043848
53,f1_test_Sensitivity,0.7635714285714286,0.06340226333529007,100,0.006340226333529007,0.7509910440035457,0.7761518131393115
54,f1_test_Sensitivity,0.763452380952381,0.05870419358948617,100,0.005870419358948617,0.751804195347434,0.775100566557328
55,f1_test_Sensitivity,0.7538095238095238,0.06046348239600289,100,0.006046348239600289,0.7418122571373142,0.7658067904817334
1,f1_test_Specificity,0.9308259587020649,0.02078420513701407,100,0.002078420513701407,0.9267019214862536,0.9349499959178761
2,f1_test_Specificity,0.9709144542772862,0.01274495739609573,100,0.001274495739609573,0.9683855782260282,0.9734433303285441
3,f1_test_Specificity,0.973716814159292,0.01165773381137195,100,0.001165773381137195,0.9714036668547313,0.9760299614638527
4,f1_test_Specificity,0.9751327433628318,0.011102881067636709,100,0.001110288106763671,0.9729296908802466,0.9773357958454171
5,f1_test_Specificity,0.9729498525073746,0.012388493698936852,100,0.0012388493698936851,0.9704917065871694,0.9754079984275799
6,f1_test_Specificity,0.9745132743362832,0.010351223423520305,100,0.0010351223423520305,0.9724593670376225,0.9765671816349439
7,f1_test_Specificity,0.9723008849557522,0.014864393770170445,100,0.0014864393770170445,0.9693514667463694,0.975250303165135
8,f1_test_Specificity,0.9716224188790561,0.015063428005997125,100,0.0015063428005997125,0.968633507959206,0.9746113297989062
9,f1_test_Specificity,0.9720943952802359,0.014671107852659399,100,0.00146711078526594,0.969183329190256,0.9750054613702158
10,f1_test_Specificity,0.9710324483775811,0.015096068696824385,100,0.0015096068696824386,0.9680370608365259,0.9740278359186363
11,f1_test_Specificity,0.971976401179941,0.016176036634866605,100,0.0016176036634866606,0.9687667245699024,0.9751860777899796
12,f1_test_Specificity,0.9712979351032449,0.014887791392275182,100,0.0014887791392275182,0.9683438742980215,0.9742519959084683
13,f1_test_Specificity,0.970117994100295,0.015259808862630673,100,0.0015259808862630674,0.967090116957975,0.973145871242615
14,f1_test_Specificity,0.97047197640118,0.013984493332412659,100,0.001398449333241266,0.9676971495282279,0.973246803274132
15,f1_test_Specificity,0.9723008849557522,0.01650094023198908,100,0.001650094023198908,0.9690267404232095,0.9755750294882949
16,f1_test_Specificity,0.973716814159292,0.0123887774920955,100,0.00123887774920955,0.9712586119283672,0.9761750163902169
17,f1_test_Specificity,0.9730678466076697,0.012680207450331707,100,0.0012680207450331707,0.9705518183504116,0.9755838748649277
18,f1_test_Specificity,0.9728908554572271,0.01357110272891841,100,0.001357110272891841,0.9701980542485831,0.9755836566658711
19,f1_test_Specificity,0.975693215339233,0.012332067081419741,100,0.001233206708141974,0.9732462656841276,0.9781401649943384
20,f1_test_Specificity,0.9753392330383481,0.011432574230693241,100,0.001143257423069324,0.973070762279467,0.9776077037972293
21,f1_test_Specificity,0.972330383480826,0.013802834111838577,100,0.0013802834111838577,0.9695916017383615,0.9750691652232906
22,f1_test_Specificity,0.9732743362831858,0.012279927029140372,100,0.001227992702914037,0.9708377323456394,0.9757109402207322
23,f1_test_Specificity,0.9731268436578171,0.012908560618724047,100,0.0012908560618724047,0.9705655051777918,0.9756881821378424
24,f1_test_Specificity,0.9723598820058997,0.01412308646413776,100,0.001412308646413776,0.9695575552488135,0.975162208762986
25,f1_test_Specificity,0.9703244837758112,0.013771213041427942,100,0.001377121304142794,0.9675919763397403,0.973056991211882
26,f1_test_Specificity,0.9706194690265487,0.015180490242031483,100,0.0015180490242031482,0.9676073304193856,0.9736316076337118
27,f1_test_Specificity,0.9694690265486726,0.015037702821027886,100,0.0015037702821027886,0.9664852200636324,0.9724528330337129
28,f1_test_Specificity,0.9698525073746311,0.01505642436603978,100,0.001505642436603978,0.9668649861288936,0.9728400286203687
29,f1_test_Specificity,0.97047197640118,0.01474923274035307,100,0.001474923274035307,0.9675454086385498,0.9733985441638102
30,f1_test_Specificity,0.9707374631268436,0.014129464127749602,100,0.0014129464127749603,0.9679338709029324,0.9735410553507549
31,f1_test_Specificity,0.970117994100295,0.014467406102938623,100,0.0014467406102938623,0.9672473468568015,0.9729886413437885
32,f1_test_Specificity,0.9703244837758112,0.014241860701161214,100,0.0014241860701161215,0.9674985896332735,0.9731503779183488
33,f1_test_Specificity,0.9693805309734513,0.01438286293272491,100,0.001438286293272491,0.9665266589291057,0.972234403017797
34,f1_test_Specificity,0.9689085545722713,0.014319411878561651,100,0.001431941187856165,0.9660672725936523,0.9717498365508903
35,f1_test_Specificity,0.97,0.014013124507057901,100,0.00140131245070579,0.9672194920808405,0.9727805079191595
36,f1_test_Specificity,0.970117994100295,0.014552213108864398,100,0.0014552213108864399,0.9672305193069243,0.9730054688936657
37,f1_test_Specificity,0.9682890855457227,0.01484948517933732,100,0.001484948517933732,0.9653426255242055,0.9712355455672399
38,f1_test_Specificity,0.9681120943952802,0.016106308200303492,100,0.0016106308200303492,0.9649162534194284,0.971307935371132
39,f1_test_Specificity,0.9686430678466077,0.014785896520577475,100,0.0014785896520577474,0.9657092251945545,0.9715769104986609
40,f1_test_Specificity,0.9694100294985251,0.014302429717070705,100,0.0014302429717070705,0.9665721171491766,0.9722479418478736
41,f1_test_Specificity,0.9683480825958702,0.013204494980317642,100,0.0013204494980317643,0.9657280243181618,0.9709681408735786
42,f1_test_Specificity,0.9697935103244838,0.012501953868587103,100,0.0012501953868587104,0.9673128514450836,0.972274169203884
43,f1_test_Specificity,0.9688790560471976,0.013141240190055699,100,0.00131412401900557,0.9662715488921999,0.9714865632021953
44,f1_test_Specificity,0.9670206489675516,0.013101081240772834,100,0.0013101081240772835,0.9644211102193464,0.9696201877157568
45,f1_test_Specificity,0.9678171091445428,0.012752368949227126,100,0.0012752368949227127,0.9652867624803487,0.9703474558087368
46,f1_test_Specificity,0.9672861356932154,0.013179442909329531,100,0.0013179442909329532,0.9646710482898997,0.9699012230965312
47,f1_test_Specificity,0.9666076696165191,0.01543861473473869,100,0.001543861473473869,0.9635443135099511,0.9696710257230872
48,f1_test_Specificity,0.9672271386430679,0.013264532928722091,100,0.0013264532928722091,0.9645951675338632,0.9698591097522725
49,f1_test_Specificity,0.967551622418879,0.01365056524095544,100,0.001365056524095544,0.964843054123895,0.970260190713863
50,f1_test_Specificity,0.9638938053097346,0.015445672699799299,100,0.0015445672699799299,0.9608290487497748,0.9669585618696943
51,f1_test_Specificity,0.9648082595870207,0.014531662625498893,100,0.0014531662625498893,0.9619248624553957,0.9676916567186457
52,f1_test_Specificity,0.9640707964601769,0.016278301074664984,100,0.0016278301074664984,0.9608408283666391,0.9673007645537147
53,f1_test_Specificity,0.9638053097345133,0.01566454755867201,100,0.001566454755867201,0.9606971236540284,0.9669134958149982
54,f1_test_Specificity,0.9660176991150442,0.014844186659857084,100,0.0014844186659857084,0.9630722904347441,0.9689631077953443
55,f1_test_Specificity,0.9663126843657817,0.015491471091860604,100,0.0015491471091860604,0.9632388404112335,0.9693865283203298
1,f1_val_thr,0.5045051152791096,0.0727266571816813,100,0.007272665718168129,0.49007456867789895,0.5189356618803201
2,f1_val_thr,0.6384479105103678,0.1112865682210753,100,0.01112865682210753,0.6163662409955541,0.6605295800251814
3,f1_val_thr,0.6571746685787323,0.0959888238869147,100,0.00959888238869147,0.6381284034268063,0.6762209337306583
4,f1_val_thr,0.6677872183133797,0.09296738282208843,100,0.009296738282208842,0.6493404726193586,0.6862339640074009
5,f1_val_thr,0.6679678907104593,0.09439199378804458,100,0.009439199378804459,0.6492384712936314,0.6866973101272871
6,f1_val_thr,0.6585743516053713,0.08885349944523518,100,0.00888534994452352,0.6409438896246703,0.6762048135860722
7,f1_val_thr,0.6624625577657143,0.12407414482014283,100,0.012407414482014283,0.6378435556251427,0.6870815599062858
8,f1_val_thr,0.6703752485617451,0.12026500257576614,100,0.012026500257576614,0.6465120628824031,0.6942384342410871
9,f1_val_thr,0.6841188946875714,0.12847002837179886,100,0.012847002837179886,0.6586276538809602,0.7096101354941825
10,f1_val_thr,0.6695602210954071,0.13164448784466284,100,0.013164448784466284,0.643439098658978,0.6956813435318363
11,f1_val_thr,0.6732760242667201,0.1296213043203257,100,0.01296213043203257,0.6475563453348069,0.6989957031986332
12,f1_val_thr,0.6766096248144906,0.1315793379262776,100,0.01315793379262776,0.6505014295353069,0.7027178200936743
13,f1_val_thr,0.661657482979214,0.124091613122123,100,0.0124091613122123,0.6370350147485521,0.686279951209876
14,f1_val_thr,0.66638513610434,0.11985389268756108,100,0.011985389268756108,0.6426035235459122,0.6901667486627678
15,f1_val_thr,0.7009121508712106,0.12238748540281648,100,0.012238748540281648,0.6766278185513802,0.725196483191041
16,f1_val_thr,0.7091911010484728,0.09883709477657855,100,0.009883709477657855,0.6895796771583488,0.7288025249385969
17,f1_val_thr,0.7106349451638445,0.10150453431457358,100,0.010150453431457358,0.6904942433988583,0.7307756469288307
18,f1_val_thr,0.7114025819722667,0.10906391392575789,100,0.01090639139257579,0.6897619352904816,0.7330432286540518
19,f1_val_thr,0.7301390406703534,0.09062023495788712,100,0.009062023495788713,0.712158020034335,0.7481200613063718
20,f1_val_thr,0.7344667571814274,0.08934195734813553,100,0.008934195734813553,0.7167393745556193,0.7521941398072355
21,f1_val_thr,0.7119163974770129,0.10016976235673479,100,0.01001697623567348,0.6920405434265512,0.7317922515274745
22,f1_val_thr,0.7205532540905253,0.09782390980943953,100,0.009782390980943953,0.7011428680790902,0.7399636401019604
23,f1_val_thr,0.7238462111390728,0.09444407410241853,100,0.009444407410241853,0.7051064578579825,0.742585964420163
24,f1_val_thr,0.7183570075026386,0.10209160086011684,100,0.010209160086011684,0.6980998189985148,0.7386141960067625
25,f1_val_thr,0.7031597453333418,0.10952384612284492,100,0.010952384612284493,0.6814278381253527,0.7248916525413309
26,f1_val_thr,0.7112023297446232,0.10770619973496745,100,0.010770619973496745,0.6898310830141157,0.7325735764751307
27,f1_val_thr,0.7042774992001816,0.11095493178301519,100,0.011095493178301519,0.6822616335495842,0.7262933648507789
28,f1_val_thr,0.7151960256733568,0.10803371604209738,100,0.010803371604209739,0.6937597926019965,0.7366322587447172
29,f1_val_thr,0.7239776184916551,0.10315079030294126,100,0.010315079030294126,0.7035102638227919,0.7444449731605183
30,f1_val_thr,0.731738731331846,0.10226165828336056,100,0.010226165828336057,0.7114477997455279,0.7520296629181641
31,f1_val_thr,0.7220742110419768,0.10487577157620548,100,0.010487577157620548,0.7012645826647556,0.742883839419198
32,f1_val_thr,0.7346514599212788,0.10324445595630674,100,0.010324445595630675,0.7141655199546967,0.7551373998878609
33,f1_val_thr,0.7191385246277818,0.10258627536555659,100,0.010258627536555659,0.6987831819697369,0.7394938672858268
34,f1_val_thr,0.7197454166057407,0.10277088067553715,100,0.010277088067553715,0.699353444249154,0.7401373889623273
35,f1_val_thr,0.7308819067935909,0.10347302474204025,100,0.010347302474204024,0.7103506138210832,0.7514131997660985
36,f1_val_thr,0.7392910884908139,0.10492149148681709,100,0.010492149148681709,0.7184723882914267,0.7601097886902012
37,f1_val_thr,0.7280701992888945,0.10955580228467474,100,0.010955580228467474,0.7063319512851043,0.7498084472926847
38,f1_val_thr,0.7273282652159071,0.10985545293152996,100,0.010985545293152996,0.7055305600228126,0.7491259704090016
39,f1_val_thr,0.733856476415343,0.10559772126779499,100,0.010559772126779499,0.7129035975564973,0.7548093552741887
40,f1_val_thr,0.7473100167900065,0.10803519592081273,100,0.010803519592081274,0.7258734900786029,0.7687465435014101
41,f1_val_thr,0.7391965860456113,0.09690526981881346,100,0.009690526981881347,0.7199684781383568,0.7584246939528658
42,f1_val_thr,0.7527506524697651,0.0956918518060127,100,0.00956918518060127,0.7337633130215465,0.7717379919179838
43,f1_val_thr,0.7475087315002995,0.0987902618805366,100,0.00987902618805366,0.7279066002727973,0.7671108627278017
44,f1_val_thr,0.7340528352863661,0.10325498749466605,100,0.010325498749466606,0.7135648056340901,0.7545408649386421
45,f1_val_thr,0.7439095324512657,0.10547306535020505,100,0.010547306535020505,0.7229813880308998,0.7648376768716315
46,f1_val_thr,0.7442432912745018,0.10793855176089652,100,0.010793855176089651,0.7228259408611359,0.7656606416878677
47,f1_val_thr,0.7379112949579922,0.11345951820417462,100,0.011345951820417461,0.7153984650240371,0.7604241248919473
48,f1_val_thr,0.74491590562018,0.10314296768919654,100,0.010314296768919654,0.7244501031275966,0.7653817081127633
49,f1_val_thr,0.7523070736549416,0.0967812360446186,100,0.00967812360446186,0.7331035767394198,0.7715105705704635
50,f1_val_thr,0.7323346125216709,0.11269156982140352,100,0.011269156982140352,0.7099741602076195,0.7546950648357222
51,f1_val_thr,0.7379773670470514,0.10733712404741912,100,0.010733712404741911,0.7166793529401091,0.7592753811539937
52,f1_val_thr,0.7367463337501302,0.1144597648739338,100,0.011445976487393381,0.7140350331763847,0.7594576343238757
53,f1_val_thr,0.7335605162849989,0.1192514547139455,100,0.01192514547139455,0.7098984404905238,0.757222592079474
54,f1_val_thr,0.7522542617200552,0.09968709402627629,100,0.009968709402627628,0.7324741795379225,0.7720343439021878
55,f1_val_thr,0.7615254777244247,0.11433073998831823,100,0.011433073998831823,0.7388397784872007,0.7842111769616487
