K,runtime_s_mean,runtime_s_std,runtime_s_n,runtime_s_se,runtime_s_ci95_lo,runtime_s_ci95_hi,test_PR_AUC_mean,test_PR_AUC_std,test_PR_AUC_n,test_PR_AUC_se,test_PR_AUC_ci95_lo,test_PR_AUC_ci95_hi,test_ROC_AUC_mean,test_ROC_AUC_std,test_ROC_AUC_n,test_ROC_AUC_se,test_ROC_AUC_ci95_lo,test_ROC_AUC_ci95_hi,test_LogLoss_mean,test_LogLoss_std,test_LogLoss_n,test_LogLoss_se,test_LogLoss_ci95_lo,test_LogLoss_ci95_hi,test_Brier_mean,test_Brier_std,test_Brier_n,test_Brier_se,test_Brier_ci95_lo,test_Brier_ci95_hi,youden_test_Precision_mean,youden_test_Precision_std,youden_test_Precision_n,youden_test_Precision_se,youden_test_Precision_ci95_lo,youden_test_Precision_ci95_hi,youden_test_Sensitivity_mean,youden_test_Sensitivity_std,youden_test_Sensitivity_n,youden_test_Sensitivity_se,youden_test_Sensitivity_ci95_lo,youden_test_Sensitivity_ci95_hi,youden_test_Specificity_mean,youden_test_Specificity_std,youden_test_Specificity_n,youden_test_Specificity_se,youden_test_Specificity_ci95_lo,youden_test_Specificity_ci95_hi,youden_val_thr_mean,youden_val_thr_std,youden_val_thr_n,youden_val_thr_se,youden_val_thr_ci95_lo,youden_val_thr_ci95_hi,f1_test_Precision_mean,f1_test_Precision_std,f1_test_Precision_n,f1_test_Precision_se,f1_test_Precision_ci95_lo,f1_test_Precision_ci95_hi,f1_test_Sensitivity_mean,f1_test_Sensitivity_std,f1_test_Sensitivity_n,f1_test_Sensitivity_se,f1_test_Sensitivity_ci95_lo,f1_test_Sensitivity_ci95_hi,f1_test_Specificity_mean,f1_test_Specificity_std,f1_test_Specificity_n,f1_test_Specificity_se,f1_test_Specificity_ci95_lo,f1_test_Specificity_ci95_hi,f1_val_thr_mean,f1_val_thr_std,f1_val_thr_n,f1_val_thr_se,f1_val_thr_ci95_lo,f1_val_thr_ci95_hi
1,11.975517294406892,2.863735835451603,100,0.2863735835451603,11.407289975450036,12.543744613363748,0.8535583140464026,0.03693245139539293,100,0.0036932451395392933,0.8462301144341646,0.8608865136586406,0.9131619609495716,0.023130662205419872,100,0.0023130662205419874,0.9085723357446303,0.9177515861545129,0.24179428980000414,0.052597369904116176,100,0.005259736990411617,0.23135783050274328,0.252230749097265,0.06407997191884285,0.01832158860806143,100,0.0018321588608061431,0.06044457124923204,0.06771537258845366,0.8102099179183742,0.07244044679107989,100,0.007244044679107988,0.7958361616680387,0.8245836741687096,0.8028571428571429,0.044296031320083515,100,0.004429603132008351,0.7940678492338117,0.8116464364804742,0.9510324483775812,0.025330521704308134,100,0.0025330521704308136,0.9460063233217596,0.9560585734334027,0.21413070123441322,0.11286629954080181,100,0.01128662995408018,0.1917355787532443,0.23652582371558215,0.8634767433408147,0.052747538149700846,100,0.0052747538149700846,0.853010487405706,0.8739429992759234,0.7745238095238095,0.05358331865271788,100,0.005358331865271787,0.7638917166045116,0.7851559024431074,0.9686725663716814,0.015312277911811563,100,0.0015312277911811562,0.9656342782316796,0.9717108545116833,0.3131257002824008,0.14380995668923366,100,0.014380995668923365,0.2845906848954322,0.34166071566936934
2,13.138884735107421,3.348879905362822,100,0.3348879905362822,12.47439430740262,13.803375162812223,0.877025449982401,0.03090736928297484,100,0.0030907369282974838,0.870892757376379,0.883158142588423,0.9226086880179801,0.021128401278239308,100,0.0021128401278239306,0.9184163548203599,0.9268010212156004,0.20448942073507914,0.027260751302412015,100,0.0027260751302412016,0.1990802962503564,0.2098985452198019,0.052052121410878414,0.008153615870101905,100,0.0008153615870101905,0.05043426712826039,0.053669975693496436,0.8307884550813207,0.07055209831510807,100,0.007055209831510807,0.8167893881366378,0.8447875220260036,0.8114285714285714,0.04888645259198201,100,0.004888645259198201,0.8017284386349778,0.821128704222165,0.9566371681415928,0.023619296262466696,100,0.0023619296262466696,0.95195058733874,0.9613237489444456,0.21305849823941045,0.10001104315878818,100,0.010001104315878818,0.19321413752125963,0.23290285895756127,0.8947319063521856,0.044964455365651884,100,0.004496445536565188,0.8858099828966478,0.9036538298077234,0.785,0.047733748343197234,100,0.004773374834319723,0.7755285887374669,0.7944714112625332,0.976401179941003,0.011724682171856347,100,0.0011724682171856348,0.9740747486292669,0.978727611252739,0.36117859369079147,0.12334177431947783,100,0.012334177431947783,0.33670490974644607,0.3856522776351369
3,16.605744197368622,4.535422116220318,100,0.45354221162203184,15.705818052808192,17.50567034192905,0.8808598033414827,0.0283517483571077,100,0.00283517483571077,0.8752342013717542,0.8864854053112112,0.9255250035117293,0.02065917130260461,100,0.002065917130260461,0.9214257757212937,0.9296242313021649,0.2022263505842707,0.02663468703981121,100,0.0026634687039811212,0.19694145083181144,0.20751125033672993,0.05160808776813143,0.008057139754398677,100,0.0008057139754398677,0.05000937643993356,0.0532067990963293,0.8352485408665832,0.06604306300529819,100,0.006604306300529819,0.822144164351603,0.8483529173815634,0.8115476190476191,0.04603096854595434,100,0.0046030968545954344,0.8024140762389367,0.8206811618563015,0.9582890855457227,0.02168914238365036,100,0.002168914238365036,0.9539854891474217,0.9625926819440237,0.19168500551749929,0.08833446442482061,100,0.008833446442482061,0.17415753134539563,0.20921247968960294,0.8923471168438819,0.0433507970634305,100,0.00433507970634305,0.8837453782040777,0.9009488554836861,0.7855952380952381,0.049750718517335354,100,0.0049750718517335354,0.775723616191668,0.7954668599988083,0.9758112094395279,0.011520496017769647,100,0.0011520496017769647,0.9735252930906136,0.9780971257884422,0.352720895207409,0.15847554934898397,100,0.015847554934898398,0.32127590806438666,0.38416588235043136
4,18.47588762998581,5.151477472315338,100,0.5151477472315338,17.453722737357445,19.498052522614174,0.8786096147478097,0.029532786285087324,100,0.002953278628508732,0.8727496692303648,0.8844695602652547,0.9234074308189352,0.021976520323746154,100,0.0021976520323746156,0.9190468124026091,0.9277680492352612,0.2023177153818464,0.026890869369016926,100,0.0026890869369016928,0.19698198349735646,0.20765344726633633,0.05151570061648765,0.008045672899775813,100,0.0008045672899775813,0.04991926456102219,0.05311213667195311,0.8367389979515883,0.06649920179484646,100,0.006649920179484646,0.8235441136047583,0.8499338822984184,0.8072619047619048,0.046760386059044125,100,0.004676038605904412,0.7979836296937968,0.8165401798300129,0.9589675516224189,0.021424418289422865,100,0.0021424418289422865,0.9547164822276438,0.9632186210171939,0.19939858424298357,0.09023750710173918,100,0.009023750710173918,0.18149350511696652,0.21730366336900062,0.8971850465337188,0.04217529729113588,100,0.004217529729113588,0.8888165525513919,0.9055535405160456,0.7832142857142856,0.051637088862084866,100,0.005163708886208486,0.7729683670092133,0.7934602044193579,0.9771091445427729,0.01103829299637672,100,0.001103829299637672,0.9749189077347741,0.9792993813507717,0.3525693756241196,0.14204131394489655,100,0.014204131394489655,0.32438529732861243,0.3807534539196268
5,21.7490185880661,5.980165691537916,100,0.5980165691537916,20.562423974221595,22.935613201910606,0.8795311322975988,0.02834142822523872,100,0.002834142822523872,0.87390757806593,0.8851546865292677,0.9249694479561736,0.020164505265442275,100,0.0020164505265442274,0.9209683726393693,0.928970523272978,0.20268266282271027,0.026616597266861917,100,0.0026616597266861915,0.19740135247366467,0.20796397317175588,0.05186112060720829,0.00823874701015129,100,0.000823874701015129,0.050226374459470875,0.0534958667549457,0.834085864178983,0.07031169256414149,100,0.007031169256414149,0.8201344989509328,0.8480372294070332,0.8086904761904762,0.0471129612573933,100,0.004711296125739331,0.7993422425538408,0.8180387098271116,0.9578466076696165,0.02305355815668446,100,0.002305355815668446,0.9532722815807289,0.9624209337585041,0.19086427197652928,0.08476503381985713,100,0.008476503381985714,0.17404505027581363,0.20768349367724492,0.8986756130385022,0.04192243532142517,100,0.0041922435321425176,0.8903572923568465,0.9069939337201579,0.7838095238095238,0.050357752632429524,100,0.005035775263242953,0.7738174531678176,0.7938015944512301,0.9774631268436578,0.010848744463888083,100,0.0010848744463888083,0.9753105005767901,0.9796157531105254,0.36169176408766335,0.14878118162295179,100,0.014878118162295178,0.3321703498223315,0.3912131783529952
6,24.49448710203171,6.630697708997671,100,0.663069770899767,23.17881282252787,25.810161381535547,0.8816041551691716,0.028718975365894486,100,0.0028718975365894486,0.8759056873938516,0.8873026229444916,0.9245571709509762,0.02111392496874817,100,0.002111392496874817,0.9203677101672249,0.9287466317347276,0.2012215435340211,0.027808180991858514,100,0.0027808180991858514,0.19570379712233824,0.20673928994570398,0.0512609089382192,0.00836531227191217,100,0.000836531227191217,0.049601049496695,0.052920768379743396,0.8280955056778009,0.06784261323168389,100,0.006784261323168389,0.8146340593563781,0.8415569519992236,0.8153571428571429,0.047963371533059906,100,0.004796337153305991,0.8058401693720294,0.8248741163422564,0.9558407079646019,0.02355204909000236,100,0.0023552049090002363,0.9511674704597041,0.9605139454694996,0.18231204445033833,0.08248492512789116,100,0.008248492512789116,0.16594524578142852,0.19867884311924813,0.8968311822412562,0.041205485045572386,100,0.004120548504557239,0.8886551200486797,0.9050072444338327,0.7886904761904762,0.05048990960429637,100,0.005048990960429637,0.7786721827383851,0.7987087696425672,0.9769321533923303,0.010585147600783308,100,0.0010585147600783308,0.9748318304618785,0.9790324763227821,0.3589077790552349,0.1358818106074741,100,0.013588181060747408,0.3319458798532744,0.3858696782571954
7,25.393222723007202,6.217741038982421,100,0.6217741038982421,24.159488005994856,26.62695744001955,0.882588508113608,0.028937854766807047,100,0.0028937854766807047,0.8768466099165235,0.8883304063106925,0.9258561595729737,0.020944619146944635,100,0.0020944619146944636,0.9217002927373849,0.9300120264085626,0.20113489834970544,0.027362281806271697,100,0.0027362281806271697,0.19570562801029653,0.20656416868911434,0.05126888122246893,0.008172129963470911,100,0.0008172129963470911,0.0496473533420603,0.05289040910287755,0.8229718309343574,0.06907866432457806,100,0.006907866432457806,0.8092651252597799,0.836678536608935,0.8182142857142857,0.04755451977171112,100,0.004755451977171112,0.8087784372887276,0.8276501341398438,0.9540117994100296,0.023333235581053362,100,0.0023333235581053362,0.949381979252501,0.9586416195675581,0.17144149672954537,0.08140716842802177,100,0.008140716842802178,0.15528854837199224,0.1875944450870985,0.8944030077392909,0.04409346833708186,100,0.004409346833708186,0.8856539070064232,0.9031521084721587,0.7910714285714286,0.05029104577498529,100,0.005029104577498529,0.7810925940174552,0.8010502631254021,0.976165191740413,0.011464512289050719,100,0.001146451228905072,0.9738903837778525,0.9784399997029736,0.3341634252569399,0.13704815383140728,100,0.013704815383140728,0.3069700982553498,0.36135675225853003
8,27.162645189762117,6.278707243141369,100,0.6278707243141369,25.916813455173163,28.40847692435107,0.8835021862238744,0.027686740771063385,100,0.0027686740771063383,0.8780085361866622,0.8889958362610867,0.9277430116589409,0.019774442668331126,100,0.0019774442668331125,0.9238193332238732,0.9316666900940086,0.20015373607265688,0.027658653890647776,100,0.0027658653890647775,0.1946656590818684,0.20564181306344537,0.0511360801962287,0.008468610729804241,100,0.0008468610729804241,0.04945572409958228,0.05281643629287512,0.8249139862340392,0.07106490802845902,100,0.007106490802845903,0.8108131667167394,0.839014805751339,0.8198809523809524,0.047427917292382264,100,0.004742791729238227,0.810470224633954,0.8292916801279507,0.9543952802359883,0.025487638854595974,100,0.0025487638854595975,0.9493379797288681,0.9594525807431085,0.18508954845767212,0.08804974150197784,100,0.008804974150197783,0.16761856949056947,0.20256052742477476,0.8955020793246335,0.04102229475827158,100,0.004102229475827158,0.8873623660593999,0.9036417925898672,0.7894047619047619,0.05241851707388089,100,0.00524185170738809,0.7790037908892603,0.7998057329202636,0.976519174041298,0.010972804115769511,100,0.001097280411576951,0.9743419316480032,0.9786964164345927,0.34875568195587975,0.14973270434248334,100,0.014973270434248334,0.3190454649395565,0.378465898972203
9,29.81673432350159,6.858079613890988,100,0.6858079613890988,28.455942540980416,31.17752610602276,0.8848324606481465,0.027866879153058726,100,0.0027866879153058727,0.8793030672478156,0.8903618540484773,0.9279375614552606,0.01962317387679682,100,0.001962317387679682,0.9240438980302338,0.9318312248802875,0.19944887328879177,0.027654836667313727,100,0.002765483666731373,0.193961553717928,0.20493619285965553,0.05093936774515615,0.00848648549834753,100,0.0008486485498347531,0.0492554649066348,0.0526232705836775,0.8193018876906187,0.06251998491940397,100,0.006251998491940397,0.8068965663016179,0.8317072090796196,0.8244047619047619,0.045256919958622736,100,0.004525691995862274,0.815424807128913,0.8333847166806108,0.9531268436578171,0.021485050580803168,100,0.002148505058080317,0.948863743501005,0.9573899438146292,0.16838849065815142,0.06567588104103128,100,0.006567588104103128,0.1553569710109527,0.18142001030535015,0.8903392220716441,0.04272133349209618,100,0.004272133349209618,0.8818623826607047,0.8988160614825834,0.7928571428571429,0.05647558131378003,100,0.005647558131378003,0.781651162277793,0.8040631234364929,0.975014749262537,0.01149341773226191,100,0.0011493417732261909,0.9727342058329351,0.9772952926921388,0.33779376590482535,0.14604689889901118,100,0.014604689889901119,0.3088148926526208,0.3667726391570299
10,31.323451528549196,7.3559877864113945,100,0.7355987786411394,29.863863962403183,32.78303909469521,0.8846101481070542,0.027915105785848916,100,0.0027915105785848915,0.8790711854964932,0.8901491107176152,0.9286205927798847,0.020039859439748835,100,0.0020039859439748833,0.9246442498991089,0.9325969356606606,0.20083492717089144,0.027140495411189736,100,0.0027140495411189735,0.19544966406395783,0.20622019027782504,0.051270205852673924,0.008382255618057536,100,0.0008382255618057536,0.0496069844836859,0.05293342722166195,0.8205463410262271,0.07472219351289829,100,0.007472219351289828,0.8057198367234258,0.8353728453290284,0.8226190476190476,0.04638553894315334,100,0.004638553894315334,0.8134151503510999,0.8318229448869953,0.9528613569321535,0.02517731184905144,100,0.002517731184905144,0.9478656320355269,0.95785708182878,0.17693812254952085,0.06418059079351586,100,0.006418059079351586,0.16420330092798832,0.18967294417105338,0.8856075595562224,0.044743219168139683,100,0.004474321916813968,0.8767295341620255,0.8944855849504193,0.7925,0.05091005668427187,100,0.005091005668427187,0.7823983402520842,0.8026016597479158,0.9738938053097346,0.012147187001285234,100,0.0012147187001285233,0.9714835398735305,0.9763040707459386,0.336258439805836,0.15187859324650696,100,0.015187859324650697,0.3061224318755542,0.36639444773611773
11,35.33337500095367,8.615045977381904,100,0.8615045977381903,33.62396297425192,37.04278702765543,0.8849757492293919,0.028749486761086435,100,0.0028749486761086435,0.8792712273313162,0.8906802711274676,0.9288323500491642,0.020951748612966996,100,0.0020951748612966998,0.9246750685728415,0.9329896315254869,0.199779365734633,0.028479419724523773,100,0.0028479419724523774,0.19412843099575855,0.20543030047350747,0.05112250070629508,0.008459097904410592,100,0.0008459097904410592,0.04944403216058901,0.052800969252001145,0.808922379476405,0.08121138564570914,100,0.008121138564570914,0.7928082786704012,0.8250364802824088,0.825,0.05088882227492966,100,0.005088882227492967,0.8149025536195815,0.8350974463804184,0.9482005899705015,0.02940696735377501,100,0.0029406967353775007,0.9423656096586907,0.9540355702823123,0.17397403905129127,0.09638378170652383,100,0.009638378170652382,0.15484940569928235,0.1930986724033002,0.8940998233224142,0.0411397652629476,100,0.0041139765262947605,0.8859368013605116,0.9022628452843169,0.7892857142857143,0.05381471666149569,100,0.005381471666149569,0.7786077069812583,0.7999637215901703,0.9761356932153391,0.011490664323171144,100,0.0011490664323171144,0.9738556961218365,0.9784156903088417,0.3538173666501415,0.15170938815527116,100,0.015170938815527116,0.32371493268089224,0.3839198006193908
12,36.78793118238449,8.176530988685084,100,0.8176530988685083,35.16553004309243,38.41033232167655,0.886193828640935,0.028842424606024354,100,0.0028842424606024355,0.8804708658581223,0.8919167914237477,0.9300755021772722,0.02089260564255383,100,0.002089260564255383,0.9259299559493956,0.9342210484051487,0.19839897469345597,0.02833169076267426,100,0.002833169076267426,0.1927773525856157,0.20402059680129622,0.05078387742638703,0.008517200953933624,100,0.0008517200953933624,0.049093879975100715,0.05247387487767334,0.8155078982912651,0.0705478283381927,100,0.0070547828338192705,0.8015096786026401,0.8295061179798902,0.8269047619047619,0.04980607851292788,100,0.004980607851292788,0.8170221553770224,0.8367873684325015,0.9511209439528023,0.02459910022980555,100,0.002459910022980555,0.946239948785827,0.9560019391197777,0.17391874863127818,0.08435650509018373,100,0.008435650509018374,0.15718058789362532,0.19065690936893104,0.8914317740547911,0.04294196129089082,100,0.0042941961290890816,0.8829111573020157,0.8999523908075665,0.7926190476190476,0.052158015240151616,100,0.005215801524015162,0.7822697658189864,0.8029683294191087,0.9753392330383481,0.01199533414037295,100,0.001199533414037295,0.972959098504221,0.9777193675724752,0.3429628413581963,0.14988920282830073,100,0.014988920282830073,0.3132215716470274,0.37270411106936524
13,40.41919886827469,8.759333991772497,100,0.8759333991772497,38.68115696916648,42.1572407673829,0.8907738125680504,0.02733364130860182,100,0.002733364130860182,0.8853502251247394,0.8961974000113615,0.9345922882427307,0.01899892945989966,100,0.001899892945989966,0.9308224884530979,0.9383620880323634,0.19683085184106677,0.02847044191328836,100,0.002847044191328836,0.19118169849471645,0.2024800051874171,0.05026224580051669,0.008392252501830498,100,0.0008392252501830498,0.04859704083290413,0.051927450768129255,0.8110194059475859,0.06896615305358411,100,0.006896615305358411,0.7973350249501234,0.8247037869450484,0.8363095238095238,0.0484054532936538,100,0.0048405453293653795,0.8267048317120745,0.8459142159069731,0.9491445427728614,0.025541723615547376,100,0.0025541723615547375,0.944076510675791,0.9542125748699318,0.16704976834205693,0.07846780522842126,100,0.007846780522842125,0.15148005341325546,0.1826194832708584,0.8880082397555278,0.04869859936716067,100,0.004869859936716067,0.8783453811172443,0.8976710983938113,0.8003571428571429,0.05353079534314677,100,0.005353079534314677,0.7897354717019653,0.8109788140123204,0.9739233038348083,0.0144373928817962,100,0.00144373928817962,0.971058611865531,0.9767879958040856,0.3369793422616724,0.15295657098375853,100,0.015295657098375853,0.30662944016142196,0.3673292443619229
14,33.94678606033325,15.49083991376654,100,1.5490839913766539,30.873067345212547,37.02050477545396,0.8907165317033418,0.02830071081646466,100,0.002830071081646466,0.8851010566889443,0.8963320067177392,0.9331264924848997,0.02009185999760726,100,0.002009185999760726,0.9291398315652843,0.937113153404515,0.19542558661967546,0.02979745215483704,100,0.002979745215483704,0.18951312565170417,0.20133804758764676,0.049580099000440116,0.008618790477362349,100,0.0008618790477362349,0.04786994398370472,0.05129025401717551,0.8248906241818014,0.0678059027004753,100,0.006780590270047531,0.8114364620262111,0.8383447863373916,0.8346428571428571,0.04746533029842445,100,0.004746533029842445,0.8252247058437789,0.8440610084419353,0.953834808259587,0.023417012940388268,100,0.002341701294038827,0.9491883648564033,0.9584812516627707,0.1810538095657659,0.08428991116654552,100,0.008428991116654553,0.1643288625073286,0.1977787566242032,0.8879250331759614,0.04811341181681336,100,0.004811341181681336,0.8783782884434035,0.8974717779085193,0.8038095238095238,0.054815729450955836,100,0.005481572945095584,0.7929328938505076,0.8146861537685399,0.9738938053097346,0.013425765724510052,100,0.0013425765724510053,0.9712298421158745,0.9765577685035947,0.3352551617035925,0.14926610478672275,100,0.014926610478672275,0.3056375281620835,0.36487279524510147
15,20.54692531824112,6.860929944995149,100,0.6860929944995149,19.185567968190494,21.908282668291744,0.8913892812288252,0.028118850002431375,100,0.0028118850002431376,0.8858098913454312,0.8969686711122192,0.9350607529147352,0.020134593440547188,100,0.0020134593440547187,0.9310656127529318,0.9390558930765387,0.1936527366791009,0.027991588476252976,100,0.0027991588476252976,0.1880985982434597,0.1992068751147421,0.049263832519424205,0.008490296235637228,100,0.0008490296235637229,0.047579173547950035,0.050948491490898376,0.8165175620754845,0.07436036961408539,100,0.007436036961408539,0.8017628514840346,0.8312722726669345,0.8407142857142857,0.04926740614472909,100,0.004926740614472909,0.8309385634709793,0.8504900079575922,0.9505309734513274,0.026051902732198512,100,0.002605190273219851,0.9453617107490966,0.9557002361535583,0.18091003088678032,0.09175344134692988,100,0.009175344134692988,0.16270415751808348,0.19911590425547715,0.8927011098347074,0.044685704556454243,100,0.004468570455645424,0.8838344965872575,0.9015677230821573,0.8042857142857143,0.05483766221900226,100,0.005483766221900227,0.7934047323896828,0.8151666961817458,0.9753097345132743,0.01178192888786203,100,0.0011781928887862028,0.9729719442111061,0.9776475248154425,0.3491779451351059,0.14101447868443415,100,0.014101447868443414,0.32119761323262835,0.3771582770375835
16,21.98445307970047,8.072808276573321,100,0.8072808276573321,20.382632776772077,23.58627338262886,0.8926102913978943,0.027895886007245196,100,0.0027895886007245196,0.8870751424083845,0.8981454403874041,0.9350663716814159,0.019458651583102192,100,0.0019458651583102193,0.9312053530487954,0.9389273903140365,0.19300210328757722,0.029654102484796024,100,0.0029654102484796023,0.1871180860041359,0.19888612057101854,0.04913056751379024,0.008787489626540348,100,0.0008787489626540348,0.04738693892590312,0.05087419610167736,0.8202652083874794,0.06784886904244314,100,0.0067848869042443135,0.8068025207774812,0.8337278959974777,0.8380952380952381,0.04839436172506207,100,0.004839436172506207,0.8284927468056308,0.8476977293848454,0.9523008849557522,0.02374383722581324,100,0.002374383722581324,0.9475895925238355,0.9570121773876689,0.1843015978943416,0.08872503873345428,100,0.008872503873345428,0.16669662530583346,0.20190657048284977,0.8888970797273007,0.043181497484990894,100,0.004318149748499089,0.8803289337968402,0.8974652256577612,0.8090476190476191,0.05272418049065,100,0.005272418049065,0.7985859977788141,0.8195092403164241,0.9742772861356932,0.011521106359007053,100,0.0011521106359007054,0.9719912486818361,0.9765633235895503,0.33777768738247793,0.14026774540254083,100,0.014026774540254083,0.309945523563625,0.3656098512013309
17,21.735873684883117,6.649944649056889,100,0.6649944649056889,20.41638039490611,23.055366974860124,0.8928232157368835,0.02838418831095662,100,0.002838418831095662,0.8871911769765214,0.8984552544972456,0.9355488832701222,0.020407209936519906,100,0.0020407209936519908,0.9314996500810596,0.9395981164591848,0.19297813174145018,0.02825915700194377,100,0.0028259157001943773,0.18737090190537029,0.19858536157753007,0.04914906109529132,0.008462688127522175,100,0.0008462688127522175,0.04746988017142945,0.05082824201915318,0.813791448059994,0.06956495313229065,100,0.006956495313229065,0.7999882521358535,0.8275946439841346,0.8419047619047619,0.049652356570212886,100,0.004965235657021288,0.8320526571454789,0.8517568666640449,0.9498820058997051,0.024214630664027497,100,0.0024214630664027496,0.9450772978357083,0.9546867139637019,0.18276314375718905,0.08741121059281137,100,0.008741121059281137,0.1654188631754944,0.2001074243388837,0.8863526261702952,0.0472812059129918,100,0.00472812059129918,0.8769710091438946,0.8957342431966958,0.8077380952380951,0.054656060792309225,100,0.005465606079230923,0.7968931470049914,0.8185830434711989,0.9733628318584071,0.01381985778182836,100,0.001381985778182836,0.9706206722504854,0.9761049914663288,0.3373927523416838,0.14121181293465218,100,0.014121181293465217,0.30937326504276513,0.3654122396406025
18,22.094234392642974,7.054427545915634,100,0.7054427545915634,20.69448292060858,23.49398586467737,0.8926896604966928,0.0291053221345523,100,0.00291053221345523,0.8869145331406166,0.8984647878527691,0.9358442196937772,0.020230943464983768,100,0.002023094346498377,0.9318299615967964,0.9398584777907579,0.19243098083181503,0.029002520229330236,100,0.0029002520229330234,0.18667625160403853,0.19818571005959154,0.04902895599579951,0.008679593936524871,100,0.0008679593936524871,0.04730673625362558,0.05075117573797344,0.8145543432402781,0.07210710512229639,100,0.007210710512229638,0.8002467292089297,0.8288619572716265,0.8395238095238095,0.04796292383025479,100,0.004796292383025479,0.8300069248726455,0.8490406941749734,0.95,0.02650186737204179,100,0.0026501867372041793,0.94474145455117,0.9552585454488299,0.18081596704130995,0.078461502595976,100,0.0078461502595976,0.16524750269152222,0.19638443139109768,0.8935264916942982,0.04802433094157361,100,0.004802433094157361,0.8839974225400116,0.9030555608485848,0.8045238095238095,0.05449356006534814,100,0.005449356006534814,0.7937111049604139,0.8153365140872052,0.9753392330383481,0.013202264876425254,100,0.0013202264876425254,0.9727196172616345,0.9779588488150618,0.3386368005997175,0.13111416459129632,100,0.013111416459129633,0.31262090580220336,0.36465269539723166
19,20.696617963314058,7.017783636201873,100,0.7017783636201873,19.304137437962304,22.08909848866581,0.8916561562411442,0.028596407112719508,100,0.0028596407112719507,0.8859820086663918,0.8973303038158967,0.9356591515662313,0.019408484585873097,100,0.0019408484585873096,0.9318080871542419,0.9395102159782206,0.1945047083972536,0.028742590324889745,100,0.0028742590324889747,0.18880155490173858,0.2002078618927686,0.049746323601959117,0.00862855871481423,100,0.000862855871481423,0.048034230354989806,0.05145841684892843,0.8216706672492493,0.0625600226704857,100,0.00625600226704857,0.8092574015018085,0.8340839329966901,0.8377380952380952,0.04355739055827693,100,0.004355739055827693,0.8290953639668348,0.8463808265093555,0.9531858407079646,0.021614590090527873,100,0.0021614590090527873,0.9488970371020429,0.9574746443138864,0.19481696362609222,0.0848847017750537,100,0.00848847017750537,0.1779739972068503,0.21165993004533412,0.8873479155691851,0.045976179101073315,100,0.0045976179101073315,0.8782252441750329,0.8964705869633374,0.8044047619047618,0.053380827088976235,100,0.005338082708897624,0.7938128477047969,0.8149966761047268,0.9738938053097346,0.01257384516062218,100,0.001257384516062218,0.9713988816383017,0.9763887289811675,0.34263505603855776,0.14379227516091989,100,0.014379227516091988,0.31410354905041016,0.37116656302670537
20,21.278287243843078,6.408260557852641,100,0.6408260557852641,20.006749320935693,22.549825166750463,0.8921763220454271,0.027539988056272904,100,0.0027539988056272903,0.8867117909306527,0.8976408531602015,0.9362712459615115,0.01884247870101488,100,0.0018842478701014882,0.9325324893966654,0.9400100025263575,0.19361334611683045,0.028392901570394223,100,0.0028392901570394222,0.18797957845676036,0.19924711377690055,0.04924718662123916,0.00824952034283477,100,0.0008249520342834771,0.04761030281056819,0.050884070431910136,0.8093370573175757,0.06866966568103616,100,0.006866966568103617,0.7957115058471672,0.8229626087879841,0.8419047619047619,0.04556287053306965,100,0.004556287053306965,0.8328640998972965,0.8509454239122274,0.9486430678466077,0.02400171187474469,100,0.0024001711874744687,0.9438806074897116,0.9534055282035038,0.17932776336463457,0.0771084849920611,100,0.007710848499206111,0.16402776706139513,0.19462775966787402,0.8853925026425216,0.043547688099843655,100,0.004354768809984365,0.8767516965495108,0.8940333087355323,0.8051190476190476,0.05186833760857221,100,0.005186833760857221,0.794827244145694,0.8154108510924013,0.9734218289085546,0.011987821147954476,100,0.0011987821147954477,0.9710431851151188,0.9758004727019903,0.34904585859368065,0.14756960845507866,100,0.014756960845507866,0.3197648467301269,0.3783268704572344
21,21.826166343688964,7.308521881752066,100,0.7308521881752066,20.375997042807693,23.276335644570235,0.8923536361533257,0.02795751072362943,100,0.002795751072362943,0.8868062594831273,0.8979010128235242,0.935547478578452,0.019044520393162283,100,0.0019044520393162283,0.9317686325585575,0.9393263245983465,0.1940167914829395,0.028119707261046022,100,0.0028119707261046022,0.18843723150083797,0.199596351465041,0.049584336451566055,0.00840609386319281,100,0.000840609386319281,0.047916385057568685,0.051252287845563425,0.8158411392933168,0.06776644893137779,100,0.006776644893137779,0.8023948056214713,0.8292874729651624,0.8404761904761905,0.04851254105054614,100,0.0048512541050546145,0.830850249844488,0.850102131107893,0.9506784660766963,0.023920956189745726,100,0.0023920956189745725,0.9459320293997113,0.9554249027536812,0.1833565284043601,0.0815610162041986,100,0.00815610162041986,0.16717305331026155,0.19954000349845863,0.8903847305488646,0.044412139180549565,100,0.004441213918054956,0.8815723986070384,0.8991970624906908,0.802142857142857,0.049902559718474765,100,0.0049902559718474765,0.792241106650762,0.8120446076349521,0.9748082595870207,0.011750292572764073,100,0.0011750292572764074,0.9724767466161228,0.9771397725579185,0.3621640298808702,0.1683643740500905,100,0.01683643740500905,0.3287568853775276,0.3955711743842128
22,22.598103954792023,7.173208968129822,100,0.7173208968129823,21.174783671608534,24.021424237975513,0.8915810268444367,0.02873357051115092,100,0.002873357051115092,0.8858796630756538,0.8972823906132197,0.935082525635623,0.019460905305562604,100,0.0019460905305562603,0.9312210598155715,0.9389439914556745,0.19687523405364019,0.02844766602827609,100,0.002844766602827609,0.19123059993700273,0.20251986817027764,0.0501707257676169,0.008520208039255463,100,0.0008520208039255463,0.04848013164536354,0.05186131988987026,0.8074764911042938,0.06934982941824398,100,0.006934982941824398,0.7937159803921632,0.8212370018164243,0.8395238095238095,0.04849719402365772,100,0.004849719402365772,0.8299009140751977,0.8491467049724212,0.9479646017699115,0.02434143382185897,100,0.002434143382185897,0.9431347332083864,0.9527944703314366,0.1714798900583955,0.07762645913196195,100,0.007762645913196195,0.1560771164482686,0.1868826636685224,0.8894835034791809,0.04041896875336564,100,0.004041896875336564,0.8814635031825739,0.8975035037757879,0.8016666666666667,0.0564558063285828,100,0.0056455806328582795,0.7904646098734014,0.8128687234599321,0.9747197640117995,0.011166032957708525,100,0.0011166032957708526,0.9725041808241337,0.9769353471994653,0.3559835133976093,0.15755505099913752,100,0.015755505099913754,0.3247211730975542,0.3872458536976644
23,23.793319635391235,6.770072567206612,100,0.6770072567206612,22.449990360259083,25.136648910523387,0.89226662331626,0.028806320040783442,100,0.002880632004078344,0.8865508244624855,0.8979824221700347,0.9365177693496278,0.020157499785907414,100,0.0020157499785907413,0.9325180840719481,0.9405174546273075,0.19405792207819578,0.02961895854038257,100,0.0029618958540382568,0.18818087811577955,0.199934966040612,0.04963485292103148,0.008809956172320808,100,0.0008809956172320807,0.047886766483046246,0.051382939359016715,0.8141446989595975,0.06996635792840847,100,0.006996635792840847,0.8002618556153664,0.8280275423038286,0.8372619047619048,0.048307167406795214,100,0.004830716740679522,0.8276767147167362,0.8468470948070733,0.9502654867256638,0.02440814464022877,100,0.002440814464022877,0.9454223812904723,0.9551085921608553,0.19002480584214268,0.09090255598883097,100,0.009090255598883098,0.1719877665885855,0.20806184509569986,0.8791746160124012,0.0471715882266017,100,0.00471715882266017,0.8698147495131535,0.8885344825116489,0.8063095238095238,0.05821935247482779,100,0.005821935247482779,0.79475754120043,0.8178615064186177,0.9716224188790561,0.013415319580234626,100,0.0013415319580234626,0.968960528426851,0.9742843093312612,0.32369634578542805,0.12244666543121427,100,0.012244666543121428,0.29940027086404347,0.34799242070681263
24,25.172077555656433,6.548863091147515,100,0.6548863091147515,23.87264103974908,26.471514071563785,0.8935044798886448,0.028859933797377793,100,0.0028859933797377793,0.8877780429024029,0.8992309168748867,0.9372095799971906,0.0193807295992456,100,0.00193807295992456,0.9333640227766969,0.9410551372176842,0.19344351379208452,0.028573813564080872,100,0.002857381356408087,0.1877738492675526,0.19911317831661643,0.04947907392078973,0.008653904486504169,100,0.0008653904486504169,0.0477619515228366,0.05119619631874286,0.8002613514222692,0.07840103604068117,100,0.007840103604068118,0.7847048849488835,0.8158178178956549,0.8438095238095238,0.04907817407536601,100,0.004907817407536601,0.8340713493141988,0.8535476983048488,0.9445427728613569,0.029256177995760878,100,0.0029256177995760878,0.938737712429575,0.9503478332931388,0.17690862639283114,0.08047551420146969,100,0.00804755142014697,0.16094053844621217,0.1928767143394501,0.8898996404106048,0.041075904806034354,100,0.004107590480603435,0.8817492897488164,0.8980499910723931,0.8038095238095238,0.057092730940519844,100,0.005709273094051984,0.7924810873550696,0.8151379602639779,0.9746607669616519,0.01129003160108589,100,0.001129003160108589,0.9724205797529698,0.9769009541703341,0.3535247818696265,0.15935562661676062,100,0.01593556266167606,0.32190516830326127,0.3851443954359917
25,22.948694317340852,6.8950072613917115,100,0.6895007261391711,21.580575288404365,24.31681334627734,0.8920549322280078,0.02828284266876353,100,0.002828284266876353,0.8864430026417666,0.897666861814249,0.9359276232616941,0.019066580807728738,100,0.0019066580807728737,0.9321443999769453,0.9397108465464429,0.1960546656197959,0.02763541995360768,100,0.002763541995360768,0.19057119874618011,0.20153813249341168,0.05019189892141001,0.00835621299085123,100,0.0008356212990851229,0.048533844974658645,0.051849952868161374,0.8056461025806084,0.0780205948669186,100,0.0078020594866918605,0.7901651238898288,0.821127081271388,0.8405952380952381,0.04877431595410681,100,0.0048774315954106815,0.830917355643421,0.8502731205470552,0.9464896755162242,0.028792907460483134,100,0.0028792907460483135,0.9407765380093692,0.9522028130230792,0.17448848674675563,0.08019987453333328,100,0.008019987453333328,0.15857509169034126,0.19040188180317,0.8830652017442372,0.0478832780045288,100,0.00478832780045288,0.8735641205528261,0.8925662829356483,0.8007142857142857,0.053950744124943925,100,0.0053950744124943925,0.7900092876099442,0.8114192838186273,0.9727433628318585,0.013741182382757237,100,0.0013741182382757237,0.9700168141299877,0.9754699115337292,0.33828188164622114,0.14005387973738648,100,0.014005387973738648,0.3104921534151844,0.3660716098772579
26,24.520321824550628,7.004050124681831,100,0.7004050124681831,23.13056632583516,25.910077323266094,0.8918898832774902,0.028966495795466812,100,0.0028966495795466813,0.886142302078948,0.8976374644760324,0.9368545441775531,0.02026061602157057,100,0.002026061602157057,0.9328343984015948,0.9408746899535114,0.19554685053867535,0.028245433128190084,100,0.002824543312819008,0.18994234381688982,0.20115135726046088,0.05004954857094097,0.008504599137115298,100,0.0008504599137115299,0.04836205159350983,0.05173704554837211,0.8137613862917972,0.07249993492388689,100,0.0072499934923886886,0.7993758263053083,0.828146946278286,0.8354761904761905,0.046811943184313094,100,0.00468119431843131,0.826187685355889,0.8447646955964919,0.9499115044247788,0.0263842162932903,100,0.00263842162932903,0.9446763035024319,0.9551467053471256,0.19068088889236093,0.09154134894832762,100,0.009154134894832761,0.17251709925692502,0.20884467852779684,0.8854736923521326,0.04820823043301576,100,0.004820823043301576,0.8759081335490152,0.89503925115525,0.8030952380952381,0.05063274930092715,100,0.005063274930092715,0.7930486021484056,0.8131418740420706,0.9733923303834808,0.013218632399024337,100,0.0013218632399024338,0.9707694669351875,0.9760151938317742,0.3534953878045118,0.13922668217739878,100,0.013922668217739877,0.3258697935155589,0.3811209820934647
27,23.202183470726013,6.70741910064216,100,0.670741910064216,21.87128600263714,24.533080938814884,0.8920862580363621,0.028203714237792846,100,0.0028203714237792846,0.8864900292475293,0.8976824868251949,0.935547478578452,0.019898831738139937,100,0.0019898831738139936,0.9315991186532937,0.9394958385036103,0.1960515643307059,0.028309370899721388,100,0.0028309370899721386,0.19043437096790844,0.20166875769350334,0.05000683552200399,0.008273748906935588,100,0.0008273748906935588,0.04836514423857287,0.05164852680543511,0.8051193238094045,0.07133002288585855,100,0.007133002288585854,0.7909658997526878,0.8192727478661213,0.8398809523809524,0.04604091937256485,100,0.0046040919372564845,0.8307454351123857,0.849016469649519,0.9471091445427728,0.025195720407220765,100,0.0025195720407220766,0.9421097669888289,0.9521085220967168,0.181189147207712,0.07856728462237747,100,0.007856728462237747,0.16559969340892838,0.19677860100649563,0.881187042098669,0.045941943494813245,100,0.004594194349481324,0.8720711637915457,0.8903029204057924,0.808452380952381,0.051130035798042796,100,0.00511300357980428,0.7983070725758113,0.8185976893289507,0.9720943952802359,0.012782144097741003,100,0.0012782144097741002,0.9695581405806001,0.9746306499798717,0.32792885571564795,0.13872258767716789,100,0.013872258767716788,0.300403284711951,0.3554544267193449
28,23.950718414783477,6.850508652218225,100,0.6850508652218225,22.591428875311394,25.31000795425556,0.894641514071393,0.02774179399050825,100,0.002774179399050825,0.8891369402810546,0.9001460878617314,0.93814931872454,0.019548100423374824,100,0.0019548100423374824,0.9342705515014026,0.9420280859476774,0.19570569936977975,0.030362624705637817,100,0.0030362624705637816,0.18968109590622143,0.20173030283333807,0.05008259744957524,0.009075516425795524,100,0.0009075516425795524,0.04828181809592879,0.051883376803221685,0.8136776440639609,0.06700782267537346,100,0.006700782267537346,0.8003818382998237,0.8269734498280982,0.8402380952380952,0.051244280817009304,100,0.00512442808170093,0.8300701181711988,0.8504060723049917,0.9498525073746313,0.024016007886947164,100,0.0024016007886947166,0.94508721037876,0.9546178043705027,0.18991489498048306,0.09401228656041002,100,0.009401228656041002,0.1712608177154265,0.2085689722455396,0.8777700729219318,0.04368999956848204,100,0.004368999956848204,0.8691010291460732,0.8864391166977903,0.8063095238095238,0.05403651463586946,100,0.005403651463586946,0.7955875069750098,0.8170315406440378,0.9713569321533924,0.012503184149248163,100,0.0012503184149248163,0.9688760291596179,0.9738378351471668,0.32664135469721245,0.14045271491858477,100,0.014045271491858477,0.2987724889134334,0.3545102204809915
29,24.182165784835817,5.72248329541428,100,0.572248329541428,23.046700948842705,25.31763062082893,0.892382283007635,0.028808879774900476,100,0.0028808879774900476,0.8866659762470778,0.8980985897681922,0.9359411434190196,0.02070909857739877,100,0.002070909857739877,0.9318320089740847,0.9400502778639545,0.19776788874889384,0.027712730747082533,100,0.0027712730747082534,0.19226908173658272,0.20326669576120496,0.05071503993678889,0.008275399315551752,100,0.0008275399315551752,0.04907302117648245,0.05235705869709534,0.7925118454546562,0.07520383840899433,100,0.007520383840899434,0.7775897723551071,0.8074339185542054,0.845952380952381,0.04734226922715229,100,0.004734226922715229,0.8365586476396727,0.8553461142650893,0.9421533923303835,0.027585840973315096,100,0.0027585840973315097,0.9366797630020817,0.9476270216586854,0.16302536342596813,0.07666630965978521,100,0.007666630965978522,0.1478131043017162,0.17823762255022005,0.88361884824301,0.04579358025653486,100,0.004579358025653487,0.874532408421125,0.8927052880648949,0.7985714285714286,0.05707266813252766,100,0.005707266813252766,0.7872469730133459,0.8098958841295113,0.9730383480825958,0.012827448111145003,100,0.0012827448111145004,0.9704931040838229,0.9755835920813687,0.35485763904943946,0.1604072552208376,100,0.01604072552208376,0.32302935955277595,0.38668591854610296
30,24.664240040779113,5.865965986475866,100,0.5865965986475866,23.50030512599964,25.828174955558588,0.8932985110801929,0.026428633171803627,100,0.0026428633171803628,0.8880544968855176,0.8985425252748681,0.936310226155359,0.01894812029098472,100,0.0018948120290984722,0.9325505080071519,0.940069944303566,0.19572283167144375,0.02816632994940559,100,0.002816632994940559,0.19013402073648508,0.2013116426064024,0.05023697233598858,0.008423714939846871,100,0.0008423714939846871,0.04856552453809099,0.05190842013388618,0.8097277366963769,0.06605801368090475,100,0.0066058013680904745,0.796620393642999,0.8228350797497548,0.8370238095238095,0.04614403257591366,100,0.004614403257591366,0.8278678323586411,0.8461797866889779,0.9491150442477876,0.022831661302832654,100,0.0022831661302832656,0.9445847473087916,0.9536453411867836,0.18690126948652847,0.1028900203068025,100,0.01028900203068025,0.16648565724234565,0.20731688173071128,0.8863632529919037,0.048485198171461026,100,0.0048485198171461024,0.8767427377806197,0.8959837682031876,0.7975,0.052139211075663265,100,0.005213921107566326,0.7871544493541327,0.8078455506458673,0.9737758112094396,0.013277778986705206,100,0.0013277778986705206,0.9711412117949557,0.9764104106239234,0.3539679684288613,0.15540230909620528,100,0.015540230909620529,0.32313277882642505,0.38480315803129755
31,24.7445334482193,6.32224151960962,100,0.632224151960962,23.490063568696012,25.99900332774259,0.8916765128151181,0.027728804546511766,100,0.0027728804546511767,0.8861745164122765,0.8971785092179596,0.9359132251720748,0.01994291642925386,100,0.001994291642925386,0.9319561178877751,0.9398703324563744,0.19640794269210857,0.02809345106544401,100,0.002809345106544401,0.19083359250884682,0.2019822928753703,0.05042728747154761,0.008423763433399565,100,0.0008423763433399565,0.048755830051477086,0.05209874489161813,0.8133107057622613,0.06915366490017112,100,0.006915366490017112,0.7995891183463366,0.8270322931781859,0.8365476190476191,0.04785460617046179,100,0.004785460617046179,0.8270522269701269,0.8460430111251113,0.95,0.0244777439714397,100,0.00244777439714397,0.9451430845475277,0.9548569154524722,0.18545056995798817,0.08112405647062307,100,0.008112405647062306,0.16935379715494175,0.2015473427610346,0.8849135798998445,0.04069205429630113,100,0.004069205429630113,0.876839393506885,0.8929877662928041,0.7980952380952381,0.05464414215354249,100,0.005464414215354249,0.7872526547786424,0.8089378214118338,0.9735693215339234,0.01184342673435504,100,0.0011843426734355039,0.9712193287248055,0.9759193143430412,0.335387918574637,0.14595396228037716,100,0.014595396228037716,0.3064274859638441,0.3643483511854299
32,26.544688534736633,7.112503894139521,100,0.7112503894139521,25.13341345523903,27.955963614234236,0.8912172476093656,0.02849095940918111,100,0.002849095940918111,0.8855640231466998,0.8968704720720314,0.9351313386711617,0.01960110316271859,100,0.001960110316271859,0.9312420545546357,0.9390206227876877,0.1984265992255401,0.027601201775742934,100,0.0027601201775742934,0.19294992198078148,0.2039032764702987,0.05075870161227275,0.008466440775294883,100,0.0008466440775294883,0.049078776081678495,0.052438627142867004,0.811885918521783,0.06617064386631737,100,0.006617064386631737,0.7987562271960895,0.8250156098474766,0.835952380952381,0.04560997498755132,100,0.0045609974987551325,0.8269023723992078,0.8450023895055542,0.9499410029498524,0.022076486458059996,100,0.0022076486458059994,0.9455605490836974,0.9543214568160074,0.1911813782355343,0.08241711732552179,100,0.00824171173255218,0.1748280341057156,0.207534722365353,0.8839397002361344,0.04707193153932933,100,0.0047071931539329325,0.8745996077857092,0.8932797926865597,0.7991666666666667,0.055598185046311505,100,0.0055598185046311505,0.7881347805420337,0.8101985527912997,0.9731563421828909,0.012796439035065884,100,0.0012796439035065884,0.9706172510575589,0.975695433308223,0.34724810363107783,0.14728713371150667,100,0.014728713371150667,0.3180231408849832,0.3764730663771725
33,26.450826044082643,6.673877974546002,100,0.6673877974546002,25.1265838630913,27.775068225073984,0.8926931358205873,0.028610660804570993,100,0.002861066080457099,0.8870161600041354,0.8983701116370392,0.93612269981739,0.018868753641250208,100,0.0018868753641250208,0.9323787297343624,0.9398666699004177,0.19681400515768058,0.02830556675694176,100,0.002830556675694176,0.1911975666193421,0.20243044369601906,0.050302293140158716,0.008558834023541921,100,0.0008558834023541922,0.04860403478462607,0.05200055149569136,0.8207534871014625,0.057668054813608136,100,0.005766805481360814,0.8093108939088448,0.8321960802940801,0.8377380952380952,0.0477587836717622,100,0.00477587836717622,0.8282617164232292,0.8472144740529611,0.9531268436578171,0.019079928464958124,100,0.0019079928464958123,0.9493409719082945,0.9569127154073397,0.19023906039793317,0.0835371983191402,100,0.00835371983191402,0.17366346789864573,0.20681465289722062,0.8852645782454244,0.043769397015715986,100,0.004376939701571598,0.8765797802934944,0.8939493761973544,0.8005952380952381,0.054760728389397564,100,0.0054760728389397564,0.7897295215400919,0.8114609546503844,0.9734808259587021,0.012348982992184754,100,0.0012348982992184754,0.9710305198199076,0.9759311320974966,0.3600809273117542,0.15967116176018545,100,0.015967116176018543,0.3283987047273485,0.39176314989615985
34,27.676603925228118,6.59743712628249,100,0.6597437126282489,26.36752926692859,28.985678583527648,0.8920406369856476,0.02875736042587375,100,0.002875736042587375,0.8863345527816577,0.8977467211896375,0.935575221238938,0.019649033195369123,100,0.001964903319536912,0.9316764267640845,0.9394740157137915,0.1969020869726195,0.02935438339854834,100,0.0029354383398548342,0.19107754045834283,0.20272663348689615,0.05017298438526489,0.008899048266797284,100,0.0008899048266797283,0.048407220142868405,0.05193874862766138,0.8118314389021951,0.0593805620338249,100,0.00593805620338249,0.8000490471239707,0.8236138306804195,0.8388095238095238,0.04573034129627328,100,0.004573034129627328,0.829735631969334,0.8478834156497136,0.950117994100295,0.02015174330283357,100,0.002015174330283357,0.946119451033745,0.954116537166845,0.18380439131220289,0.07752213771514484,100,0.007752213771514483,0.16842231733444218,0.1991864652899636,0.8872464144026752,0.05405934676053712,100,0.005405934676053712,0.8765198671792805,0.8979729616260698,0.797142857142857,0.05061861073478748,100,0.005061861073478748,0.7870990265942851,0.807186687691429,0.9737758112094396,0.015546494180691104,100,0.0015546494180691103,0.9706910494803329,0.9768605729385462,0.36338644367023215,0.1478996873821505,100,0.01478996873821505,0.3340399369864327,0.3927329503540316
35,32.90525450944901,8.026381516745737,100,0.8026381516745736,31.31264628290633,34.49786273599169,0.8925472238435148,0.027176193911232348,100,0.0027176193911232346,0.8871548773796881,0.8979395703073415,0.9358761764292738,0.019158250721829174,100,0.0019158250721829175,0.9320747638447742,0.9396775890137734,0.19588948125462818,0.025987548392306083,100,0.002598754839230608,0.19073298784960957,0.2010459746596468,0.05014687080227941,0.008054213500272665,100,0.0008054213500272665,0.04854874010638569,0.051745001498173133,0.8125736075915603,0.06752247035054335,100,0.006752247035054335,0.7991756845633063,0.8259715306198142,0.8361904761904762,0.04810121451207196,100,0.004810121451207195,0.8266461516678014,0.8457348007131509,0.9497935103244838,0.024737081866695137,100,0.002473708186669514,0.9448851366072161,0.9547018840417515,0.18057821667392623,0.0752569638890813,100,0.007525696388908131,0.16564560232656203,0.19551083102129044,0.8861181674397491,0.045471550128504123,100,0.004547155012850412,0.8770956253817602,0.895140709497738,0.8004761904761906,0.054255031285576606,100,0.005425503128557661,0.7897108151976213,0.8112415657547598,0.9736873156342183,0.012512916674953838,100,0.001251291667495384,0.9712044814961951,0.9761701497722415,0.34112582607852554,0.14104036094885392,100,0.014104036094885392,0.3131403585732673,0.3691112935837838
36,33.11203231811523,7.484389915179285,100,0.7484389915179286,31.626966983917118,34.59709765231335,0.8929784720395646,0.027309016891029256,100,0.0027309016891029258,0.8875597706149306,0.8983971734641986,0.9364784379828628,0.018392682657808565,100,0.0018392682657808565,0.9328289307113855,0.9401279452543401,0.19564878291939722,0.02650584040058658,100,0.002650584040058658,0.19038944913550843,0.200908116703286,0.049970565748174885,0.007982782315112623,100,0.0007982782315112622,0.04838660854912781,0.05155452294722196,0.8081157342669277,0.07439503365692281,100,0.00743950336569228,0.7933541455773369,0.8228773229565186,0.8392857142857143,0.048171994052739815,100,0.004817199405273981,0.8297273455665977,0.8488440830048309,0.9477581120943952,0.026798433836398888,100,0.002679843383639889,0.9424407214249803,0.9530755027638101,0.18687173128732767,0.08238672474660366,100,0.008238672474660366,0.17052441770453816,0.2032190448701172,0.8817534816900101,0.04444175850998076,100,0.004444175850998076,0.8729352726306288,0.8905716907493915,0.8060714285714287,0.051609358144135614,100,0.005160935814413561,0.7958310122424198,0.8163118449004375,0.9723893805309735,0.012623692219601277,100,0.0012623692219601277,0.9698845661215992,0.9748941949403477,0.34128992520085516,0.13598149120348313,100,0.013598149120348313,0.3143082472060601,0.3682716031956502
37,37.051563744544985,8.461066678601052,100,0.8461066678601051,35.37270455132666,38.73042293776331,0.8924349937975964,0.026513242572914552,100,0.002651324257291455,0.8871741912621264,0.8976957963330664,0.9359695884253406,0.01877845681663131,100,0.001877845681663131,0.9322435351913213,0.9396956416593599,0.19601562160929192,0.027167705986843493,100,0.0027167705986843494,0.19062495933381085,0.201406283884773,0.050095919914127866,0.008264453547448642,100,0.0008264453547448642,0.048456073031683256,0.05173576679657248,0.8077242446000008,0.0686217938764151,100,0.0068621793876415095,0.7941081919342157,0.821340297265786,0.8411904761904762,0.047715750775094865,100,0.004771575077509487,0.8317226360359146,0.8506583163450377,0.9478466076696165,0.024959576154504507,100,0.0024959576154504506,0.9428940862585985,0.9527991290806345,0.18727884489069532,0.08449335915250328,100,0.008449335915250327,0.17051352933800767,0.20404416044338297,0.8749580735831757,0.04880015921344676,100,0.0048800159213446765,0.8652750632680319,0.8846410838983194,0.807142857142857,0.053320318964584085,100,0.0053320318964584085,0.7965629490675048,0.8177227652182093,0.9704424778761062,0.014031459142464939,100,0.0014031459142464938,0.9676583319675091,0.9732266237847033,0.32740651287335304,0.14256965764123894,100,0.014256965764123894,0.2991175997259912,0.35569542602071486
38,38.56027608394623,7.309781330114103,100,0.7309781330114103,37.109856881186,40.01069528670646,0.8933338103007449,0.02726758745181596,100,0.002726758745181596,0.8879233293756691,0.8987442912258207,0.9374009692372525,0.018320545738429624,100,0.0018320545738429624,0.9337657754956018,0.9410361629789031,0.19635256256291922,0.027679873040160972,100,0.0027679873040160974,0.1908602752325145,0.20184484989332394,0.05029322172726039,0.008263588521212872,100,0.0008263588521212872,0.04865354648478784,0.05193289696973294,0.8035539977734656,0.07151034451100202,100,0.007151034451100202,0.7893647939942141,0.8177432015527171,0.8414285714285714,0.04661274382648592,100,0.004661274382648592,0.8321795917825245,0.8506775510746183,0.9463421828908554,0.026273098077210844,100,0.0026273098077210844,0.941129030233306,0.9515553355484048,0.18478481242054293,0.09276356537016399,100,0.0092763565370164,0.16637850853083552,0.20319111631025033,0.8855049208250029,0.047071098518718074,100,0.004707109851871808,0.8761649936639394,0.8948448479860663,0.8036904761904762,0.0499803839301048,100,0.00499803839301048,0.793773283686385,0.8136076686945674,0.9733923303834808,0.013337783606141919,100,0.0013337783606141918,0.970745824750691,0.9760388360162706,0.361543687187497,0.14212364672918376,100,0.014212364672918375,0.33334327228136446,0.3897441020936296
39,40.33704250335693,8.61027305196397,100,0.861027305196397,38.62857752860747,42.045507478106394,0.8926526029921049,0.027179414255840105,100,0.0027179414255840105,0.8872596175420422,0.8980455884421676,0.936779042000281,0.018328208262577392,100,0.0018328208262577393,0.9331423278475998,0.9404157561529621,0.19678194446624775,0.027029575170516493,100,0.0027029575170516495,0.19141869034149595,0.20214519859099955,0.050256451172121054,0.008220197302155317,100,0.0008220197302155317,0.048625385688888904,0.051887516655353204,0.8126414697656762,0.07192840351920202,100,0.007192840351920202,0.7983693140093413,0.8269136255220111,0.8351190476190475,0.047780360488793285,100,0.004778036048879329,0.8256383874955702,0.8445997077425249,0.9495870206489676,0.02542436574323241,100,0.0025424365743232412,0.9445422748998621,0.9546317663980731,0.1904717722345463,0.08572990729724585,100,0.008572990729724585,0.17346109870283358,0.20748244576625904,0.8872739931225613,0.044404056637753986,100,0.004440405663775399,0.8784632649325778,0.8960847213125448,0.7995238095238095,0.05654448612875199,100,0.0056544486128752,0.7883041567342682,0.8107434623133508,0.9740117994100295,0.012163962594781882,100,0.0012163962594781883,0.9715982053321265,0.9764253934879324,0.3473337924444093,0.14916852271096295,100,0.014916852271096296,0.3177355213037897,0.37693206358502895
40,43.586143119335176,9.483279040159115,100,0.9483279040159115,41.70445481652439,45.46783142214596,0.8917293362137076,0.028725411754953946,100,0.0028725411754953944,0.8860295913191597,0.8974290811082556,0.9354969096783257,0.019994183873362957,100,0.0019994183873362956,0.9315296298208594,0.9394641895357919,0.19567161553644075,0.029123215155777853,100,0.002912321515577785,0.18989293781676145,0.20145029325612004,0.049939218056252364,0.008656064799683052,100,0.0008656064799683052,0.048221667005296204,0.051656769107208525,0.8109088250369872,0.07359278006390528,100,0.007359278006390528,0.79630642086527,0.8255112292087045,0.8385714285714286,0.046256356027942855,100,0.004625635602794285,0.8293931639965025,0.8477496931463547,0.9489085545722713,0.02612274164895702,100,0.002612274164895702,0.943725235892094,0.9540918732524486,0.1877962642297595,0.09685889258421615,100,0.009685889258421615,0.16857735857201056,0.20701516988750845,0.8866196476255601,0.044082225607521314,100,0.004408222560752131,0.8778727776941501,0.8953665175569702,0.8019047619047619,0.0559796224863846,100,0.00559796224863846,0.7907971903166726,0.8130123334928512,0.9738053097345133,0.01211026421842127,100,0.001211026421842127,0.9714023705794751,0.9762082488895515,0.3379314663767334,0.1234966726724695,100,0.01234966726724695,0.3134270472386101,0.36243588551485667
41,43.536175410747525,9.38185890183652,100,0.938185890183652,41.67461106370593,45.39773975778912,0.8902196809139079,0.02996987827104456,100,0.002996987827104456,0.884273006863669,0.8961663549641468,0.933964391066161,0.020348151677942974,100,0.0020348151677942973,0.9299268763168784,0.9380019058154436,0.19907467987765526,0.030076681861854845,100,0.0030076681861854844,0.19310681367787885,0.20504254607743166,0.05094400039879678,0.00908944659817505,100,0.0009089446598175051,0.04914045699673293,0.05274754380086062,0.7994835576555556,0.07974999784001276,100,0.007974999784001275,0.7836594278952422,0.8153076874158689,0.8375,0.053811391378540054,100,0.005381139137854005,0.826822652503825,0.848177347496175,0.944424778761062,0.030306041444712824,100,0.0030306041444712823,0.9384114026440541,0.9504381548780699,0.184166354803936,0.09968916854594775,100,0.009968916854594775,0.1643858609920935,0.2039468486157785,0.8862813136946721,0.045885853885780856,100,0.004588585388578086,0.8771765647828538,0.8953860626064905,0.7992857142857143,0.054699129588221596,100,0.005469912958822159,0.7884322202691171,0.8101392083023115,0.973834808259587,0.012428161687714828,100,0.0012428161687714828,0.9713687913498049,0.9763008251693691,0.34122321535143835,0.14472677226087396,100,0.014472677226087397,0.31250628386459706,0.36994014683827964
42,44.16016949176788,8.737215866028404,100,0.8737215866028404,42.426516308663544,45.89382267487222,0.8907297282155406,0.028871013274880578,100,0.002887101327488058,0.8850010928205911,0.8964583636104901,0.9352380952380952,0.01966920665384807,100,0.001966920665384807,0.931335297911413,0.9391408925647774,0.1973600312192715,0.029353459573554837,100,0.0029353459573554837,0.1915356680119161,0.20318439442662692,0.05050963021580023,0.00890464032602105,100,0.000890464032602105,0.048742756387533136,0.05227650404406733,0.8118606212251906,0.07928789284966216,100,0.007928789284966216,0.7961281831204039,0.8275930593299774,0.8365476190476191,0.04520881435104632,100,0.004520881435104632,0.8275772094679722,0.845518028627266,0.9489675516224189,0.028800477087562507,100,0.002880047708756251,0.9432529121373271,0.9546821911075106,0.19203123307483022,0.08949893302489816,100,0.008949893302489815,0.1742727030691402,0.20978976308052025,0.8842187552544847,0.05098009045071154,100,0.005098009045071154,0.8741031992879136,0.8943343112210558,0.7982142857142857,0.06011907738392151,100,0.006011907738392152,0.7862853564683944,0.8101432149601769,0.9729498525073746,0.014469836058085588,100,0.001446983605808559,0.9700787231080616,0.9758209819066876,0.34289664846340556,0.1543982625825401,100,0.01543982625825401,0.31226068347222885,0.3735326134545823
43,45.69304671764374,9.990194184611816,100,0.9990194184611816,43.71077545256906,47.67531798271842,0.8914199777272568,0.029395531473849323,100,0.0029395531473849325,0.8855872665421264,0.8972526889123872,0.9355664419159995,0.019957899436862415,100,0.0019957899436862415,0.9316063616779315,0.9395265221540674,0.19954627069049946,0.029994254812604728,100,0.002999425481260473,0.19359475980556218,0.20549778157543674,0.05112351265281437,0.009355517576204703,100,0.0009355517576204702,0.049267174996257365,0.05297985030937137,0.8076216871266358,0.072112026791833,100,0.0072112026791833,0.793313096529275,0.8219302777239967,0.8370238095238095,0.046729761461938316,100,0.004672976146193832,0.8277516110401727,0.8462960080074463,0.9480825958702064,0.02544477188649832,100,0.002544477188649832,0.9430338010995625,0.9531313906408503,0.1845118354925771,0.09250255522072331,100,0.009250255522072332,0.16615732167917532,0.20286634930597888,0.8811004493826333,0.04835314701613205,100,0.004835314701613205,0.8715061359854374,0.8906947627798293,0.7992857142857143,0.05482983009471241,100,0.005482983009471241,0.7884062864530611,0.8101651421183674,0.972448377581121,0.013180276522628072,100,0.0013180276522628072,0.9698331247708415,0.9750636303914005,0.3329868763910153,0.1462111681151694,100,0.01462111681151694,0.30397540856247823,0.3619983442195524
44,48.07105033397674,10.410161076471866,100,1.0410161076471867,46.00544852630868,50.1366521416448,0.890984607507601,0.028695834873128923,100,0.0028695834873128925,0.8852907313080823,0.8966784837071197,0.9352619749964883,0.020141896949744838,100,0.0020141896949744838,0.9312653856600093,0.9392585643329674,0.19818134435672455,0.029248033779302764,100,0.0029248033779302766,0.19237789991417809,0.203984788799271,0.05077453038769362,0.008658186699004958,100,0.0008658186699004958,0.04905655830587705,0.052492502469510184,0.7998835875333542,0.07218888272775072,100,0.007218888272775071,0.7855597470509055,0.8142074280158029,0.8388095238095238,0.04613550032663734,100,0.004613550032663734,0.8296552396277204,0.8479638079913272,0.945575221238938,0.025597599884597425,100,0.0025597599884597424,0.9404961020778435,0.9506543404000325,0.1806354633686427,0.08935071328005033,100,0.008935071328005032,0.16290634337598134,0.19836458336130405,0.8838970691094287,0.04093748762272546,100,0.004093748762272547,0.8757741834197915,0.8920199547990658,0.8015476190476192,0.053375463286822494,100,0.005337546328682249,0.79095676914237,0.8121384689528683,0.973244837758112,0.010999485964577836,100,0.0010999485964577837,0.9710623011071468,0.9754273744090772,0.34053736369918014,0.1580112933230849,100,0.01580112933230849,0.3091844950238043,0.371890232374556
45,37.991971521377565,15.730894816621758,100,1.5730894816621759,34.87062070550118,41.11332233725395,0.8911884790172525,0.030370879959051807,100,0.0030370879959051808,0.8851622375323178,0.8972147205021872,0.9358178817249613,0.021058712396376744,100,0.0021058712396376743,0.9316393763134139,0.9399963871365087,0.19770060068462342,0.028937975267794395,100,0.0028937975267794395,0.1919586785775288,0.20344252279171804,0.0506224809173839,0.00859333519928157,100,0.0008593335199281569,0.04891737678007603,0.052327585054691775,0.8181096834373968,0.06448986040020697,100,0.006448986040020697,0.8053134960162436,0.8309058708585499,0.8351190476190475,0.04890562929034226,100,0.0048905629290342265,0.8254151097524577,0.8448229854856374,0.9519174041297935,0.023061963527398057,100,0.0023061963527398056,0.9473414102330004,0.9564933980265866,0.19034334787457335,0.0962057696487281,100,0.009620576964872809,0.17125403597683092,0.2094326597723158,0.8887837730273367,0.04584340597252166,100,0.004584340597252165,0.8796874467024232,0.8978800993522502,0.7991666666666667,0.05355218509594929,100,0.005355218509594929,0.7885407513204791,0.8097925820128543,0.9745132743362832,0.012334917701434576,100,0.0012334917701434577,0.9720657590563222,0.9769607896162442,0.33539855580879646,0.15852810426753217,100,0.015852810426753218,0.3039431406297468,0.3668539709878461
46,24.398705143928527,6.875786587185261,100,0.6875786587185261,23.034399913750175,25.76301037410688,0.8900465569428506,0.028492856503252957,100,0.002849285650325296,0.8843929560555632,0.895700157830138,0.9332759165613147,0.020267655454376293,100,0.0020267655454376293,0.9292543740091661,0.9372974591134633,0.19900393060905805,0.027925416686728967,100,0.0027925416686728965,0.19346292209206586,0.20454493912605023,0.050917438724416814,0.008335308281903825,100,0.0008335308281903825,0.04926353272545159,0.052571344723382034,0.8105164073263177,0.0699518624012162,100,0.00699518624012162,0.7966364402091644,0.824396374443471,0.835,0.046800932783171434,100,0.004680093278317143,0.8257136795821575,0.8442863204178425,0.9493215339233038,0.02397710866017644,100,0.002397710866017644,0.9445639553779486,0.954079112468659,0.18527745665756054,0.08102403695512778,100,0.008102403695512777,0.16920052989632767,0.20135438341879341,0.8804311573747954,0.04980110169097003,100,0.004980110169097003,0.8705495383565052,0.8903127763930856,0.7982142857142857,0.05439351064530279,100,0.005439351064530279,0.7874214331264151,0.8090071383021562,0.9720353982300886,0.014196488789542385,100,0.0014196488789542385,0.9692185068591669,0.9748522896010102,0.3451147914089859,0.1560010018351582,100,0.01560010018351582,0.3141608081784074,0.37606877463956434
47,25.086905710697174,6.957944748948813,100,0.6957944748948812,23.706298518790582,26.467512902603765,0.8912465500148876,0.02601275396187347,100,0.002601275396187347,0.886085055278028,0.8964080447517472,0.9351949009692372,0.018246242288117637,100,0.0018246242288117638,0.9315744506441536,0.9388153512943208,0.1992107112655459,0.02549745069416291,100,0.002549745069416291,0.19415146387658622,0.2042699586545056,0.051005024973428605,0.007956093305771666,100,0.0007956093305771666,0.04942636345285707,0.05258368649400014,0.8057990707659846,0.0701518814221296,100,0.00701518814221296,0.7918794155356376,0.8197187259963316,0.8376190476190476,0.04328920153101773,100,0.004328920153101773,0.829029530869199,0.8462085643688962,0.9474631268436577,0.025207717988016597,100,0.0025207717988016596,0.9424613687093945,0.952464884977921,0.17932438133142647,0.0942745318020705,100,0.00942745318020705,0.16061826892097236,0.1980304937418806,0.8803433286538099,0.04519022111543562,100,0.004519022111543562,0.8713766083754914,0.8893100489321285,0.7986904761904762,0.05218312264089301,100,0.005218312264089301,0.7883362125373989,0.8090447398435534,0.972330383480826,0.01222943345833036,100,0.001222943345833036,0.9699037985631943,0.9747569683984577,0.33045498868577133,0.14274147762182302,100,0.0142741477621823,0.3021319827265999,0.35877799464494275
48,26.13634534358978,7.368064355311184,100,0.7368064355311185,24.674361524170973,27.59832916300859,0.8918558125583457,0.026799032465935967,100,0.0026799032465935966,0.8865383031078432,0.8971733220088481,0.9353480123612867,0.01930332093451849,100,0.001930332093451849,0.9315178146992683,0.9391782100233051,0.19841123489088688,0.025770457429869213,100,0.002577045742986921,0.19329781704263863,0.20352465273913514,0.050799853849545856,0.007714714006276523,100,0.0007714714006276523,0.04926908721875635,0.05233062048033536,0.8050085074898969,0.07071718849747403,100,0.007071718849747404,0.7909766830713749,0.819040331908419,0.8405952380952381,0.04782587957950019,100,0.004782587957950019,0.8311055459966206,0.8500849301938556,0.9467256637168141,0.026162885350127108,100,0.002616288535012711,0.9415343796554007,0.9519169477782276,0.1849959121754188,0.08741661184059717,100,0.008741661184059717,0.16765055986898253,0.20234126448185508,0.8863212958916762,0.04337417414895514,100,0.004337417414895514,0.8777149187309343,0.894927673052418,0.7986904761904762,0.048926700347736954,100,0.004892670034773695,0.7889823573689593,0.8083985950119931,0.9739233038348083,0.011745055223141013,100,0.0011745055223141014,0.9715928300677008,0.9762537776019158,0.34569233349560496,0.14278298533178194,100,0.014278298533178194,0.3173610915062613,0.37402357548494863
49,26.26375353574753,7.322779086179997,100,0.7322779086179997,24.810755296195445,27.716751775299613,0.8900508462060156,0.0276541081173374,100,0.00276541081173374,0.8845636711952731,0.8955380212167581,0.934613709790701,0.019144567012184265,100,0.0019144567012184266,0.9308150123510652,0.9384124072303368,0.20110345953602543,0.02659175849290416,100,0.002659175849290416,0.19582707773861419,0.20637984133343668,0.05155199813434216,0.00833769760504568,100,0.000833769760504568,0.049897618041828844,0.05320637822685547,0.8079227341309609,0.0751655973486029,100,0.00751655973486029,0.7930082488874393,0.8228372193744826,0.8363095238095238,0.04831664945192823,100,0.004831664945192823,0.8267224523208864,0.8458965952981613,0.9478466076696165,0.02708417743151576,100,0.002708417743151576,0.9424725192716777,0.9532206960675552,0.19456452188074608,0.09059968670646074,100,0.009059968670646073,0.17658757846360829,0.21254146529788387,0.8838103888283234,0.04290608946988633,100,0.004290608946988633,0.8752968898230802,0.8923238878335666,0.7995238095238095,0.05384716064046938,100,0.005384716064046937,0.7888393646300479,0.8102082544175712,0.973244837758112,0.011621184603577346,100,0.0011621184603577345,0.9709389426093187,0.9755507329069053,0.34343917021557757,0.15102347466240787,100,0.015102347466240788,0.31347283636431444,0.3734055040668407
50,25.512801036834716,7.238953399511146,100,0.7238953399511147,24.076435632129304,26.94916644154013,0.8882141343245091,0.02805933451622244,100,0.002805933451622244,0.8826465536047768,0.8937817150442414,0.9333386009270965,0.019218708935382113,100,0.0019218708935382113,0.9295251921213775,0.9371520097328155,0.2016816428943592,0.028658845970621773,100,0.0028658845970621774,0.19599510609557802,0.20736817969314036,0.051553027305223494,0.00866751380016769,100,0.000866751380016769,0.0498332045241833,0.05327285008626369,0.80571722409788,0.07939226879487765,100,0.007939226879487764,0.7899640755411099,0.8214703726546502,0.8340476190476189,0.05067231629906228,100,0.005067231629906228,0.8239931321499441,0.8441021059452938,0.9466666666666668,0.03016639143758019,100,0.003016639143758019,0.940681000140803,0.9526523331925305,0.19930300528557082,0.10320271010902814,100,0.010320271010902814,0.17882534860077157,0.21978066197037008,0.8830259846912287,0.04332155274045132,100,0.004332155274045132,0.8744300487595639,0.8916219206228936,0.7978571428571429,0.050789704933314736,100,0.005078970493331473,0.7877793635076674,0.8079349222066184,0.9730973451327434,0.011749245289607793,100,0.0011749245289607792,0.9707660399655447,0.9754286502999421,0.34251002373488,0.1518551585173087,100,0.015185515851730872,0.3123786657632913,0.37264138170646866
51,26.22613765001297,6.461821855758531,100,0.6461821855758532,24.9439720035802,27.50830329644574,0.8897495880613749,0.02618322199060259,100,0.002618322199060259,0.8845542687692846,0.8949449073534653,0.934314510464953,0.01852195379652913,100,0.0018521953796529131,0.9306393529949956,0.9379896679349103,0.19990965874224556,0.0278057605864571,100,0.00278057605864571,0.1943923925915054,0.20542692489298572,0.05128596486600021,0.008273814816133727,100,0.0008273814816133727,0.049644260504754276,0.05292766922724615,0.8006172145657011,0.07599148279009874,100,0.007599148279009873,0.785538855732871,0.8156955733985313,0.8395238095238095,0.044204153561655586,100,0.0044204153561655584,0.8307527464410528,0.8482948726065661,0.9451622418879055,0.028495491322096052,100,0.002849549132209605,0.9395081181953969,0.9508163655804142,0.1886440134221197,0.09335803787380219,100,0.009335803787380218,0.1701197532905152,0.2071682735537242,0.8792575196886331,0.045581436557677386,100,0.0045581436557677385,0.8702131737790927,0.8883018655981735,0.8027380952380951,0.05059980032058081,100,0.005059980032058081,0.7926979970837967,0.8127781933923935,0.971858407079646,0.01276149819697749,100,0.001276149819697749,0.9693262489746378,0.9743905651846542,0.3311106846092492,0.1410355547887177,100,0.01410355547887177,0.30312617075043236,0.35909519846806603
52,132.43979034423828,598.5134360870383,100,59.85134360870383,13.681739780624767,251.1978409078518,0.8902062454180304,0.02865735729262468,100,0.002865735729262468,0.884520004005261,0.8958924868307998,0.9344737673830594,0.020126444464224152,100,0.002012644446422415,0.9304802441549518,0.9384672906111671,0.19826554261764798,0.028708635530729318,100,0.0028708635530729316,0.19256912648994906,0.2039619587453469,0.050764805704841154,0.008351206040867285,100,0.0008351206040867285,0.04910774524559318,0.05242186616408913,0.8084337217295884,0.0713518787037964,100,0.00713518787037964,0.7942759610044273,0.8225914824547494,0.8380952380952381,0.048364771773212765,100,0.004836477177321276,0.8284986180940365,0.8476918580964398,0.9480825958702064,0.02623394390216272,100,0.002623394390216272,0.9428772122504425,0.9532879794899702,0.17450734261050171,0.08785427557162882,100,0.008785427557162882,0.15707514832464467,0.19193953689635876,0.8832346985545376,0.04495025392960765,100,0.004495025392960765,0.8743155929720134,0.8921538041370618,0.7995238095238095,0.05390030524257636,100,0.005390030524257636,0.7888288195880093,0.8102187994596097,0.9729793510324484,0.01290736897704345,100,0.0012907368977043451,0.9704182489999853,0.9755404530649114,0.32777241000638746,0.13943870532203756,100,0.013943870532203756,0.3001047457256625,0.35544007428711244
53,26.64372655391693,6.549853853316799,100,0.6549853853316799,25.344093449300452,27.94335965853341,0.889400523305753,0.029479945518071333,100,0.002947994551807133,0.883551062542873,0.8952499840686331,0.9345606826801517,0.01965409099030942,100,0.001965409099030942,0.9306608846290523,0.9384604807312511,0.20180467323527435,0.03210440799468921,100,0.003210440799468921,0.19543446217890345,0.20817488429164524,0.051866332928442234,0.00993110522309453,100,0.000993110522309453,0.04989578619527698,0.05383687966160749,0.8011991540323343,0.07629513084939292,100,0.007629513084939292,0.7860605448368474,0.8163377632278213,0.8370238095238095,0.04498151967889509,100,0.004498151967889509,0.8280985001383113,0.8459491189093077,0.9457522123893806,0.02843311550922653,100,0.0028433115509226533,0.9401104654113984,0.9513939593673627,0.192074347785817,0.08594436439929412,100,0.008594436439929413,0.17502112131237704,0.20912757425925696,0.8817504473668553,0.05373417590793725,100,0.005373417590793725,0.8710884210952498,0.8924124736384608,0.7969047619047619,0.05331548608825369,100,0.005331548608825369,0.7863258127769236,0.8074837110326002,0.9725368731563422,0.01449799377410513,100,0.0014497993774105129,0.9696601566552848,0.9754135896573995,0.35435717370516756,0.1469563810089843,100,0.01469563810089843,0.3251978394709857,0.38351650793934944
54,30.983093466758728,7.943106902412558,100,0.7943106902412558,29.40700873035572,32.559178203161736,0.8927500054193892,0.027883404410857016,100,0.0027883404410857016,0.887217333049393,0.8982826777893854,0.9371007163927518,0.01887967835432802,100,0.0018879678354328019,0.9333545786096361,0.9408468541758676,0.1973402173078672,0.027585872300586498,100,0.00275858723005865,0.191866581763555,0.20281385285217937,0.050356292743177426,0.008203025975677476,100,0.0008203025975677475,0.04872863442365313,0.05198395106270172,0.8114637429131242,0.07082014919252498,100,0.007082014919252498,0.7974114888589554,0.8255159969672929,0.8398809523809524,0.04400599934321053,100,0.0044005999343210535,0.8311492073941225,0.8486126973677823,0.9492330383480827,0.024830407695440128,100,0.002483040769544013,0.9443061467616732,0.9541599299344922,0.18808870931248098,0.0795393690927106,100,0.00795393690927106,0.17230637286525646,0.2038710457597055,0.8878441973080333,0.046422578333256,100,0.0046422578333256,0.8786329506215138,0.8970554439945528,0.8004761904761906,0.04956694203394056,100,0.004956694203394056,0.790641033813986,0.8103113471383951,0.9741592920353982,0.012508982413993536,100,0.0012508982413993535,0.9716772385401039,0.9766413455306925,0.3460255849014656,0.14531174088748275,100,0.014531174088748275,0.317192582948118,0.37485858685481327
55,30.403345704078674,7.461883690659448,100,0.7461883690659448,28.922746093101406,31.883945315055943,0.889865554462644,0.028262953599784698,100,0.0028262953599784697,0.8842575712991847,0.8954735376261034,0.9346382918949291,0.020064016556365808,100,0.0020064016556365807,0.9306571557181239,0.9386194280717343,0.20195522071748578,0.03238829442866027,100,0.003238829442866027,0.19552868043365382,0.20838176100131775,0.05182103060159094,0.009679283033313349,100,0.0009679283033313349,0.049900450854200626,0.053741610348981256,0.8100865892691342,0.08480449791667616,100,0.008480449791667616,0.7932595370354298,0.8269136415028386,0.8307142857142857,0.04917433674495133,100,0.004917433674495133,0.8209570304590507,0.8404715409695208,0.9478761061946902,0.03226516724403528,100,0.003226516724403528,0.9414739970155517,0.9542782153738287,0.19883113703328692,0.10181355572137146,100,0.010181355572137146,0.17862911871692358,0.21903315534965026,0.8845568712867106,0.04335891777904945,100,0.004335891777904945,0.8759535213207474,0.8931602212526737,0.8014285714285714,0.04704074043263253,100,0.004704074043263253,0.7920946679704107,0.810762474886732,0.9734808259587021,0.011447748240611124,100,0.0011447748240611124,0.9712093443470506,0.9757523075703536,0.3278157522738795,0.13063642232471423,100,0.013063642232471423,0.30189465190674947,0.3537368526410095
